TABLE_NAME;
ACT_CATG;"ANALYZE TABLE coswin.ACT_CATG COMPUTE STATISTICS;"
ACT_PRD;"ANALYZE TABLE coswin.ACT_PRD COMPUTE STATISTICS;"
ADOPTED_PATTERN;"ANALYZE TABLE coswin.ADOPTED_PATTERN COMPUTE STATISTICS;"
AD_ADDRESS;"ANALYZE TABLE coswin.AD_ADDRESS COMPUTE STATISTICS;"
AD_CONTACT;"ANALYZE TABLE coswin.AD_CONTACT COMPUTE STATISTICS;"
ALT_ITEMS;"ANALYZE TABLE coswin.ALT_ITEMS COMPUTE STATISTICS;"
AN_TIME;"ANALYZE TABLE coswin.AN_TIME COMPUTE STATISTICS;"
ASSIGNED_EMPL;"ANALYZE TABLE coswin.ASSIGNED_EMPL COMPUTE STATISTICS;"
ASSIGNED_SHIFT;"ANALYZE TABLE coswin.ASSIGNED_SHIFT COMPUTE STATISTICS;"
ASSIGNMENT;"ANALYZE TABLE coswin.ASSIGNMENT COMPUTE STATISTICS;"
ATTENDANCE_INTRF;"ANALYZE TABLE coswin.ATTENDANCE_INTRF COMPUTE STATISTICS;"
AUDIT_ALT_ITEMS;"ANALYZE TABLE coswin.AUDIT_ALT_ITEMS COMPUTE STATISTICS;"
AUDIT_BATCH_;"ANALYZE TABLE coswin.AUDIT_BATCH_ COMPUTE STATISTICS;"
AUDIT_COUNT_;"ANALYZE TABLE coswin.AUDIT_COUNT_ COMPUTE STATISTICS;"
AUDIT_DEM_ISS;"ANALYZE TABLE coswin.AUDIT_DEM_ISS COMPUTE STATISTICS;"
AUDIT_DEM_ITEMS;"ANALYZE TABLE coswin.AUDIT_DEM_ITEMS COMPUTE STATISTICS;"
AUDIT_DEVIS;"ANALYZE TABLE coswin.AUDIT_DEVIS COMPUTE STATISTICS;"
AUDIT_DV_ITEMS;"ANALYZE TABLE coswin.AUDIT_DV_ITEMS COMPUTE STATISTICS;"
AUDIT_DV_RMK;"ANALYZE TABLE coswin.AUDIT_DV_RMK COMPUTE STATISTICS;"
AUDIT_EQP_ACT;"ANALYZE TABLE coswin.AUDIT_EQP_ACT COMPUTE STATISTICS;"
AUDIT_EQP_DEFR;"ANALYZE TABLE coswin.AUDIT_EQP_DEFR COMPUTE STATISTICS;"
AUDIT_EQP_GROUP;"ANALYZE TABLE coswin.AUDIT_EQP_GROUP COMPUTE STATISTICS;"
AUDIT_EQP_JOBR;"ANALYZE TABLE coswin.AUDIT_EQP_JOBR COMPUTE STATISTICS;"
AUDIT_EQP_JOBS;"ANALYZE TABLE coswin.AUDIT_EQP_JOBS COMPUTE STATISTICS;"
AUDIT_EQP_MOVE;"ANALYZE TABLE coswin.AUDIT_EQP_MOVE COMPUTE STATISTICS;"
AUDIT_EQP_RES;"ANALYZE TABLE coswin.AUDIT_EQP_RES COMPUTE STATISTICS;"
AUDIT_EQP_SRL;"ANALYZE TABLE coswin.AUDIT_EQP_SRL COMPUTE STATISTICS;"
AUDIT_EQP_STOCK;"ANALYZE TABLE coswin.AUDIT_EQP_STOCK COMPUTE STATISTICS;"
AUDIT_EQP_TOPO;"ANALYZE TABLE coswin.AUDIT_EQP_TOPO COMPUTE STATISTICS;"
AUDIT_HIS_HO;"ANALYZE TABLE coswin.AUDIT_HIS_HO COMPUTE STATISTICS;"
AUDIT_INVOICE_;"ANALYZE TABLE coswin.AUDIT_INVOICE_ COMPUTE STATISTICS;"
AUDIT_INV_ITEMS;"ANALYZE TABLE coswin.AUDIT_INV_ITEMS COMPUTE STATISTICS;"
AUDIT_INV_RMK;"ANALYZE TABLE coswin.AUDIT_INV_RMK COMPUTE STATISTICS;"
AUDIT_ISS_ITEMS;"ANALYZE TABLE coswin.AUDIT_ISS_ITEMS COMPUTE STATISTICS;"
AUDIT_ITEM_;"ANALYZE TABLE coswin.AUDIT_ITEM_ COMPUTE STATISTICS;"
AUDIT_ITEM_RMK;"ANALYZE TABLE coswin.AUDIT_ITEM_RMK COMPUTE STATISTICS;"
AUDIT_JOB_ACTN;"ANALYZE TABLE coswin.AUDIT_JOB_ACTN COMPUTE STATISTICS;"
AUDIT_JOB_ACTV;"ANALYZE TABLE coswin.AUDIT_JOB_ACTV COMPUTE STATISTICS;"
AUDIT_JOB_CATG_INT;"ANALYZE TABLE coswin.AUDIT_JOB_CATG_INT COMPUTE STATISTICS;"
AUDIT_JOB_DIR;"ANALYZE TABLE coswin.AUDIT_JOB_DIR COMPUTE STATISTICS;"
AUDIT_JOB_MANR;"ANALYZE TABLE coswin.AUDIT_JOB_MANR COMPUTE STATISTICS;"
AUDIT_JOB_STOKR;"ANALYZE TABLE coswin.AUDIT_JOB_STOKR COMPUTE STATISTICS;"
AUDIT_LINKED_JOBS;"ANALYZE TABLE coswin.AUDIT_LINKED_JOBS COMPUTE STATISTICS;"
AUDIT_NEG_INV;"ANALYZE TABLE coswin.AUDIT_NEG_INV COMPUTE STATISTICS;"
AUDIT_NEG_INV_CC;"ANALYZE TABLE coswin.AUDIT_NEG_INV_CC COMPUTE STATISTICS;"
AUDIT_PARENT_EQP;"ANALYZE TABLE coswin.AUDIT_PARENT_EQP COMPUTE STATISTICS;"
AUDIT_PLAN_ID;"ANALYZE TABLE coswin.AUDIT_PLAN_ID COMPUTE STATISTICS;"
AUDIT_PLAN_JOBS;"ANALYZE TABLE coswin.AUDIT_PLAN_JOBS COMPUTE STATISTICS;"
AUDIT_PORDER_;"ANALYZE TABLE coswin.AUDIT_PORDER_ COMPUTE STATISTICS;"
AUDIT_PO_ITEMS;"ANALYZE TABLE coswin.AUDIT_PO_ITEMS COMPUTE STATISTICS;"
AUDIT_PO_RMK;"ANALYZE TABLE coswin.AUDIT_PO_RMK COMPUTE STATISTICS;"
AUDIT_PREQUEST;"ANALYZE TABLE coswin.AUDIT_PREQUEST COMPUTE STATISTICS;"
AUDIT_PR_ITEMS;"ANALYZE TABLE coswin.AUDIT_PR_ITEMS COMPUTE STATISTICS;"
AUDIT_PR_RMK;"ANALYZE TABLE coswin.AUDIT_PR_RMK COMPUTE STATISTICS;"
AUDIT_RCT_ITEMS;"ANALYZE TABLE coswin.AUDIT_RCT_ITEMS COMPUTE STATISTICS;"
AUDIT_RCT_RMK;"ANALYZE TABLE coswin.AUDIT_RCT_RMK COMPUTE STATISTICS;"
AUDIT_RECEIPT_;"ANALYZE TABLE coswin.AUDIT_RECEIPT_ COMPUTE STATISTICS;"
AUDIT_RECONCILE_INV;"ANALYZE TABLE coswin.AUDIT_RECONCILE_INV COMPUTE STATISTICS;"
AUDIT_STK_ADJ;"ANALYZE TABLE coswin.AUDIT_STK_ADJ COMPUTE STATISTICS;"
AUDIT_STORES_ITEMS;"ANALYZE TABLE coswin.AUDIT_STORES_ITEMS COMPUTE STATISTICS;"
AUDIT_SUPL_ITEMS;"ANALYZE TABLE coswin.AUDIT_SUPL_ITEMS COMPUTE STATISTICS;"
AUDIT_SUPL_RMK;"ANALYZE TABLE coswin.AUDIT_SUPL_RMK COMPUTE STATISTICS;"
AUDIT_SUPPLIER_;"ANALYZE TABLE coswin.AUDIT_SUPPLIER_ COMPUTE STATISTICS;"
AUDIT_TRANSFER_;"ANALYZE TABLE coswin.AUDIT_TRANSFER_ COMPUTE STATISTICS;"
AUDIT_TR_ITEMS;"ANALYZE TABLE coswin.AUDIT_TR_ITEMS COMPUTE STATISTICS;"
AUDIT_WIP_WA;"ANALYZE TABLE coswin.AUDIT_WIP_WA COMPUTE STATISTICS;"
AUDIT_WIP_WE;"ANALYZE TABLE coswin.AUDIT_WIP_WE COMPUTE STATISTICS;"
AUDIT_WIP_WN;"ANALYZE TABLE coswin.AUDIT_WIP_WN COMPUTE STATISTICS;"
AUDIT_WIP_WO;"ANALYZE TABLE coswin.AUDIT_WIP_WO COMPUTE STATISTICS;"
AUDIT_WIP_WS;"ANALYZE TABLE coswin.AUDIT_WIP_WS COMPUTE STATISTICS;"
AUDIT_WIP_WT;"ANALYZE TABLE coswin.AUDIT_WIP_WT COMPUTE STATISTICS;"
BATCH_;"ANALYZE TABLE coswin.BATCH_ COMPUTE STATISTICS;"
BC_COST;"ANALYZE TABLE coswin.BC_COST COMPUTE STATISTICS;"
BINS;"ANALYZE TABLE coswin.BINS COMPUTE STATISTICS;"
BUD_VAL;"ANALYZE TABLE coswin.BUD_VAL COMPUTE STATISTICS;"
CC_LYMON_VAL;"ANALYZE TABLE coswin.CC_LYMON_VAL COMPUTE STATISTICS;"
CC_PER;"ANALYZE TABLE coswin.CC_PER COMPUTE STATISTICS;"
CC_PER_VAL;"ANALYZE TABLE coswin.CC_PER_VAL COMPUTE STATISTICS;"
CC_TYMON_VAL;"ANALYZE TABLE coswin.CC_TYMON_VAL COMPUTE STATISTICS;"
CL_DATA;"ANALYZE TABLE coswin.CL_DATA COMPUTE STATISTICS;"
CN_INVOICE;"ANALYZE TABLE coswin.CN_INVOICE COMPUTE STATISTICS;"
COH_ENTITY;"ANALYZE TABLE coswin.COH_ENTITY COMPUTE STATISTICS;"
COH_TYPE;"ANALYZE TABLE coswin.COH_TYPE COMPUTE STATISTICS;"
COMPANY;"ANALYZE TABLE coswin.COMPANY COMPUTE STATISTICS;"
CONT_INV;"ANALYZE TABLE coswin.CONT_INV COMPUTE STATISTICS;"
CON_BG_COST;"ANALYZE TABLE coswin.CON_BG_COST COMPUTE STATISTICS;"
COSTCENTRE_;"ANALYZE TABLE coswin.COSTCENTRE_ COMPUTE STATISTICS;"
COUNTRY_;"ANALYZE TABLE coswin.COUNTRY_ COMPUTE STATISTICS;"
COUNT_;"ANALYZE TABLE coswin.COUNT_ COMPUTE STATISTICS;"
COUNT_INTRF;"ANALYZE TABLE coswin.COUNT_INTRF COMPUTE STATISTICS;"
CRNCY_CONV;"ANALYZE TABLE coswin.CRNCY_CONV COMPUTE STATISTICS;"
DAILY_SHIFT;"ANALYZE TABLE coswin.DAILY_SHIFT COMPUTE STATISTICS;"
DEL_SCHED;"ANALYZE TABLE coswin.DEL_SCHED COMPUTE STATISTICS;"
DEMAND_ISSUE_INTRF;"ANALYZE TABLE coswin.DEMAND_ISSUE_INTRF COMPUTE STATISTICS;"
DEMAND_ISSUE_ITEM_INTRF;"ANALYZE TABLE coswin.DEMAND_ISSUE_ITEM_INTRF COMPUTE STATISTICS;"
DEM_ISS;"ANALYZE TABLE coswin.DEM_ISS COMPUTE STATISTICS;"
DEM_ITEMS;"ANALYZE TABLE coswin.DEM_ITEMS COMPUTE STATISTICS;"
DEM_LOC_INT;"ANALYZE TABLE coswin.DEM_LOC_INT COMPUTE STATISTICS;"
DEVIS;"ANALYZE TABLE coswin.DEVIS COMPUTE STATISTICS;"
DIR_ACTION;"ANALYZE TABLE coswin.DIR_ACTION COMPUTE STATISTICS;"
DIR_BUDG;"ANALYZE TABLE coswin.DIR_BUDG COMPUTE STATISTICS;"
DIR_CATG;"ANALYZE TABLE coswin.DIR_CATG COMPUTE STATISTICS;"
DIR_CCBC;"ANALYZE TABLE coswin.DIR_CCBC COMPUTE STATISTICS;"
DIR_DEFD;"ANALYZE TABLE coswin.DIR_DEFD COMPUTE STATISTICS;"
DIR_INV_PO;"ANALYZE TABLE coswin.DIR_INV_PO COMPUTE STATISTICS;"
DIR_JBCL;"ANALYZE TABLE coswin.DIR_JBCL COMPUTE STATISTICS;"
DIR_JBTY;"ANALYZE TABLE coswin.DIR_JBTY COMPUTE STATISTICS;"
DIR_MANF;"ANALYZE TABLE coswin.DIR_MANF COMPUTE STATISTICS;"
DIR_METER;"ANALYZE TABLE coswin.DIR_METER COMPUTE STATISTICS;"
DIR_MREAD;"ANALYZE TABLE coswin.DIR_MREAD COMPUTE STATISTICS;"
DIR_MSET;"ANALYZE TABLE coswin.DIR_MSET COMPUTE STATISTICS;"
DIR_NORM;"ANALYZE TABLE coswin.DIR_NORM COMPUTE STATISTICS;"
DIR_RCT_PO;"ANALYZE TABLE coswin.DIR_RCT_PO COMPUTE STATISTICS;"
DIR_STOCK;"ANALYZE TABLE coswin.DIR_STOCK COMPUTE STATISTICS;"
DIR_SUBC;"ANALYZE TABLE coswin.DIR_SUBC COMPUTE STATISTICS;"
DIR_SUPP;"ANALYZE TABLE coswin.DIR_SUPP COMPUTE STATISTICS;"
DIR_UNIT;"ANALYZE TABLE coswin.DIR_UNIT COMPUTE STATISTICS;"
DIR_WOST;"ANALYZE TABLE coswin.DIR_WOST COMPUTE STATISTICS;"
DIR_ZONE;"ANALYZE TABLE coswin.DIR_ZONE COMPUTE STATISTICS;"
DOS_RMK;"ANALYZE TABLE coswin.DOS_RMK COMPUTE STATISTICS;"
DV_CC_INT;"ANALYZE TABLE coswin.DV_CC_INT COMPUTE STATISTICS;"
DV_ITEMS;"ANALYZE TABLE coswin.DV_ITEMS COMPUTE STATISTICS;"
DV_ITEM_OTHER;"ANALYZE TABLE coswin.DV_ITEM_OTHER COMPUTE STATISTICS;"
DV_OTHER;"ANALYZE TABLE coswin.DV_OTHER COMPUTE STATISTICS;"
DV_RMK;"ANALYZE TABLE coswin.DV_RMK COMPUTE STATISTICS;"
EARL;"ANALYZE TABLE coswin.EARL COMPUTE STATISTICS;"
EMPLOYEE_ACTIONS_INTRF;"ANALYZE TABLE coswin.EMPLOYEE_ACTIONS_INTRF COMPUTE STATISTICS;"
EMPLOYEE_FEEDBACK_INTRF;"ANALYZE TABLE coswin.EMPLOYEE_FEEDBACK_INTRF COMPUTE STATISTICS;"
EMPL_SHIFT;"ANALYZE TABLE coswin.EMPL_SHIFT COMPUTE STATISTICS;"
EMP_SKILL;"ANALYZE TABLE coswin.EMP_SKILL COMPUTE STATISTICS;"
EQP_ACT;"ANALYZE TABLE coswin.EQP_ACT COMPUTE STATISTICS;"
EQP_ANAL;"ANALYZE TABLE coswin.EQP_ANAL COMPUTE STATISTICS;"
EQP_BACKUP;"ANALYZE TABLE coswin.EQP_BACKUP COMPUTE STATISTICS;"
EQP_CLDR;"ANALYZE TABLE coswin.EQP_CLDR COMPUTE STATISTICS;"
EQP_CLD_VAL;"ANALYZE TABLE coswin.EQP_CLD_VAL COMPUTE STATISTICS;"
EQP_CONT;"ANALYZE TABLE coswin.EQP_CONT COMPUTE STATISTICS;"
EQP_DEFR;"ANALYZE TABLE coswin.EQP_DEFR COMPUTE STATISTICS;"
EQP_DOS;"ANALYZE TABLE coswin.EQP_DOS COMPUTE STATISTICS;"
EQP_DRAW;"ANALYZE TABLE coswin.EQP_DRAW COMPUTE STATISTICS;"
EQP_GROUP;"ANALYZE TABLE coswin.EQP_GROUP COMPUTE STATISTICS;"
EQP_HEAD;"ANALYZE TABLE coswin.EQP_HEAD COMPUTE STATISTICS;"
EQP_JOBR;"ANALYZE TABLE coswin.EQP_JOBR COMPUTE STATISTICS;"
EQP_JOBR_NEW;"ANALYZE TABLE coswin.EQP_JOBR_NEW COMPUTE STATISTICS;"
EQP_JOBS;"ANALYZE TABLE coswin.EQP_JOBS COMPUTE STATISTICS;"
EQP_METER;"ANALYZE TABLE coswin.EQP_METER COMPUTE STATISTICS;"
EQP_MOVE;"ANALYZE TABLE coswin.EQP_MOVE COMPUTE STATISTICS;"
EQP_MSET;"ANALYZE TABLE coswin.EQP_MSET COMPUTE STATISTICS;"
EQP_NOTE;"ANALYZE TABLE coswin.EQP_NOTE COMPUTE STATISTICS;"
EQP_PODP;"ANALYZE TABLE coswin.EQP_PODP COMPUTE STATISTICS;"
EQP_RES;"ANALYZE TABLE coswin.EQP_RES COMPUTE STATISTICS;"
EQP_SPARE;"ANALYZE TABLE coswin.EQP_SPARE COMPUTE STATISTICS;"
EQP_SRL;"ANALYZE TABLE coswin.EQP_SRL COMPUTE STATISTICS;"
EQP_STATUS;"ANALYZE TABLE coswin.EQP_STATUS COMPUTE STATISTICS;"
EQP_STOCK;"ANALYZE TABLE coswin.EQP_STOCK COMPUTE STATISTICS;"
EQP_TECH;"ANALYZE TABLE coswin.EQP_TECH COMPUTE STATISTICS;"
EQP_TOPO;"ANALYZE TABLE coswin.EQP_TOPO COMPUTE STATISTICS;"
EQUIPMENT_DEFECT_INTRF;"ANALYZE TABLE coswin.EQUIPMENT_DEFECT_INTRF COMPUTE STATISTICS;"
EQV_SPEC;"ANALYZE TABLE coswin.EQV_SPEC COMPUTE STATISTICS;"
ERROR_INTRF;"ANALYZE TABLE coswin.ERROR_INTRF COMPUTE STATISTICS;"
EXT_MODULE;"ANALYZE TABLE coswin.EXT_MODULE COMPUTE STATISTICS;"
FK_WORK_PERMIT;"ANALYZE TABLE coswin.FK_WORK_PERMIT COMPUTE STATISTICS;"
FM_FACILITY;"ANALYZE TABLE coswin.FM_FACILITY COMPUTE STATISTICS;"
FM_INSTANCE;"ANALYZE TABLE coswin.FM_INSTANCE COMPUTE STATISTICS;"
FM_REQUIREMENT;"ANALYZE TABLE coswin.FM_REQUIREMENT COMPUTE STATISTICS;"
FM_USAGE;"ANALYZE TABLE coswin.FM_USAGE COMPUTE STATISTICS;"
FOLLOW_UP;"ANALYZE TABLE coswin.FOLLOW_UP COMPUTE STATISTICS;"
FREE_TBL1;"ANALYZE TABLE coswin.FREE_TBL1 COMPUTE STATISTICS;"
FREE_TBL2;"ANALYZE TABLE coswin.FREE_TBL2 COMPUTE STATISTICS;"
FREE_TBL3;"ANALYZE TABLE coswin.FREE_TBL3 COMPUTE STATISTICS;"
FREE_TBL4;"ANALYZE TABLE coswin.FREE_TBL4 COMPUTE STATISTICS;"
FREE_TBL5;"ANALYZE TABLE coswin.FREE_TBL5 COMPUTE STATISTICS;"
FREE_TBL6;"ANALYZE TABLE coswin.FREE_TBL6 COMPUTE STATISTICS;"
GEN_ACCESS;"ANALYZE TABLE coswin.GEN_ACCESS COMPUTE STATISTICS;"
GEN_ACTN;"ANALYZE TABLE coswin.GEN_ACTN COMPUTE STATISTICS;"
GEN_ADDR;"ANALYZE TABLE coswin.GEN_ADDR COMPUTE STATISTICS;"
GEN_HEAD;"ANALYZE TABLE coswin.GEN_HEAD COMPUTE STATISTICS;"
GEN_JOBS;"ANALYZE TABLE coswin.GEN_JOBS COMPUTE STATISTICS;"
GROUP_JBTY;"ANALYZE TABLE coswin.GROUP_JBTY COMPUTE STATISTICS;"
GROUP_PTD;"ANALYZE TABLE coswin.GROUP_PTD COMPUTE STATISTICS;"
GROUP_USERS;"ANALYZE TABLE coswin.GROUP_USERS COMPUTE STATISTICS;"
GROUP_WMDB;"ANALYZE TABLE coswin.GROUP_WMDB COMPUTE STATISTICS;"
GROUP_WOSTU;"ANALYZE TABLE coswin.GROUP_WOSTU COMPUTE STATISTICS;"
GRP_CRIT;"ANALYZE TABLE coswin.GRP_CRIT COMPUTE STATISTICS;"
GRP_QUERY;"ANALYZE TABLE coswin.GRP_QUERY COMPUTE STATISTICS;"
GRP_RIGHTS;"ANALYZE TABLE coswin.GRP_RIGHTS COMPUTE STATISTICS;"
HAZARD_EFFECT;"ANALYZE TABLE coswin.HAZARD_EFFECT COMPUTE STATISTICS;"
HAZARD_REPORT;"ANALYZE TABLE coswin.HAZARD_REPORT COMPUTE STATISTICS;"
HAZARD_TYPE;"ANALYZE TABLE coswin.HAZARD_TYPE COMPUTE STATISTICS;"
HE_DET;"ANALYZE TABLE coswin.HE_DET COMPUTE STATISTICS;"
HIST_ACT;"ANALYZE TABLE coswin.HIST_ACT COMPUTE STATISTICS;"
HIST_JOBS;"ANALYZE TABLE coswin.HIST_JOBS COMPUTE STATISTICS;"
HIST_RES;"ANALYZE TABLE coswin.HIST_RES COMPUTE STATISTICS;"
HIST_STOCK;"ANALYZE TABLE coswin.HIST_STOCK COMPUTE STATISTICS;"
HIS_AE;"ANALYZE TABLE coswin.HIS_AE COMPUTE STATISTICS;"
HIS_FM_FACILITY;"ANALYZE TABLE coswin.HIS_FM_FACILITY COMPUTE STATISTICS;"
HIS_HA;"ANALYZE TABLE coswin.HIS_HA COMPUTE STATISTICS;"
HIS_HD;"ANALYZE TABLE coswin.HIS_HD COMPUTE STATISTICS;"
HIS_HE;"ANALYZE TABLE coswin.HIS_HE COMPUTE STATISTICS;"
HIS_HN;"ANALYZE TABLE coswin.HIS_HN COMPUTE STATISTICS;"
HIS_HO;"ANALYZE TABLE coswin.HIS_HO COMPUTE STATISTICS;"
HIS_HO_EMPL;"ANALYZE TABLE coswin.HIS_HO_EMPL COMPUTE STATISTICS;"
HIS_HS;"ANALYZE TABLE coswin.HIS_HS COMPUTE STATISTICS;"
HIS_HT;"ANALYZE TABLE coswin.HIS_HT COMPUTE STATISTICS;"
H_CN_INVOICE;"ANALYZE TABLE coswin.H_CN_INVOICE COMPUTE STATISTICS;"
H_COUNT;"ANALYZE TABLE coswin.H_COUNT COMPUTE STATISTICS;"
H_COUNT_ITEM;"ANALYZE TABLE coswin.H_COUNT_ITEM COMPUTE STATISTICS;"
H_DEL_SCHED;"ANALYZE TABLE coswin.H_DEL_SCHED COMPUTE STATISTICS;"
H_DEM_ISS;"ANALYZE TABLE coswin.H_DEM_ISS COMPUTE STATISTICS;"
H_DEM_LOC_INT;"ANALYZE TABLE coswin.H_DEM_LOC_INT COMPUTE STATISTICS;"
H_DEVIS;"ANALYZE TABLE coswin.H_DEVIS COMPUTE STATISTICS;"
H_DIR_INV_PO;"ANALYZE TABLE coswin.H_DIR_INV_PO COMPUTE STATISTICS;"
H_DIR_RCT_PO;"ANALYZE TABLE coswin.H_DIR_RCT_PO COMPUTE STATISTICS;"
H_DV_ITEMS;"ANALYZE TABLE coswin.H_DV_ITEMS COMPUTE STATISTICS;"
H_INVOICE;"ANALYZE TABLE coswin.H_INVOICE COMPUTE STATISTICS;"
H_INV_ITEMS;"ANALYZE TABLE coswin.H_INV_ITEMS COMPUTE STATISTICS;"
H_ISS_ITEMS;"ANALYZE TABLE coswin.H_ISS_ITEMS COMPUTE STATISTICS;"
H_ITEM;"ANALYZE TABLE coswin.H_ITEM COMPUTE STATISTICS;"
H_ITEM_RMK;"ANALYZE TABLE coswin.H_ITEM_RMK COMPUTE STATISTICS;"
H_NEG_INV;"ANALYZE TABLE coswin.H_NEG_INV COMPUTE STATISTICS;"
H_PORDER;"ANALYZE TABLE coswin.H_PORDER COMPUTE STATISTICS;"
H_PO_ITEMS;"ANALYZE TABLE coswin.H_PO_ITEMS COMPUTE STATISTICS;"
H_PREQUEST;"ANALYZE TABLE coswin.H_PREQUEST COMPUTE STATISTICS;"
H_PR_ITEMS;"ANALYZE TABLE coswin.H_PR_ITEMS COMPUTE STATISTICS;"
H_RCT_ITEMS;"ANALYZE TABLE coswin.H_RCT_ITEMS COMPUTE STATISTICS;"
H_RCT_LOC_INT;"ANALYZE TABLE coswin.H_RCT_LOC_INT COMPUTE STATISTICS;"
H_RECEIPT;"ANALYZE TABLE coswin.H_RECEIPT COMPUTE STATISTICS;"
H_RECONCILE_INV;"ANALYZE TABLE coswin.H_RECONCILE_INV COMPUTE STATISTICS;"
H_REMARK_HDR;"ANALYZE TABLE coswin.H_REMARK_HDR COMPUTE STATISTICS;"
H_SUPPL_AGREE;"ANALYZE TABLE coswin.H_SUPPL_AGREE COMPUTE STATISTICS;"
H_SUPPL_AGREE_RMK;"ANALYZE TABLE coswin.H_SUPPL_AGREE_RMK COMPUTE STATISTICS;"
H_SUP_AGREE_ITEM;"ANALYZE TABLE coswin.H_SUP_AGREE_ITEM COMPUTE STATISTICS;"
H_TRANSFER;"ANALYZE TABLE coswin.H_TRANSFER COMPUTE STATISTICS;"
H_TR_ITEMS;"ANALYZE TABLE coswin.H_TR_ITEMS COMPUTE STATISTICS;"
INCIDENT_ACTION;"ANALYZE TABLE coswin.INCIDENT_ACTION COMPUTE STATISTICS;"
INCIDENT_CAUSE;"ANALYZE TABLE coswin.INCIDENT_CAUSE COMPUTE STATISTICS;"
INCIDENT_EFFECT;"ANALYZE TABLE coswin.INCIDENT_EFFECT COMPUTE STATISTICS;"
INDMATCH;"ANALYZE TABLE coswin.INDMATCH COMPUTE STATISTICS;"
IND_QUERY;"ANALYZE TABLE coswin.IND_QUERY COMPUTE STATISTICS;"
IND_VALUES;"ANALYZE TABLE coswin.IND_VALUES COMPUTE STATISTICS;"
INVOICE_;"ANALYZE TABLE coswin.INVOICE_ COMPUTE STATISTICS;"
INVOICE_CHARGES_INTRF;"ANALYZE TABLE coswin.INVOICE_CHARGES_INTRF COMPUTE STATISTICS;"
INVOICE_INTRF;"ANALYZE TABLE coswin.INVOICE_INTRF COMPUTE STATISTICS;"
INVOICE_ITEM_INTRF;"ANALYZE TABLE coswin.INVOICE_ITEM_INTRF COMPUTE STATISTICS;"
INVOICE_ORDER_INTRF;"ANALYZE TABLE coswin.INVOICE_ORDER_INTRF COMPUTE STATISTICS;"
INVOICE_REMARKS_INTRF;"ANALYZE TABLE coswin.INVOICE_REMARKS_INTRF COMPUTE STATISTICS;"
INV_CC_INT;"ANALYZE TABLE coswin.INV_CC_INT COMPUTE STATISTICS;"
INV_ITEMS;"ANALYZE TABLE coswin.INV_ITEMS COMPUTE STATISTICS;"
INV_ITEM_OTHER;"ANALYZE TABLE coswin.INV_ITEM_OTHER COMPUTE STATISTICS;"
INV_IT_CHARGES_INTRF;"ANALYZE TABLE coswin.INV_IT_CHARGES_INTRF COMPUTE STATISTICS;"
INV_IT_COST_CENTER_INTRF;"ANALYZE TABLE coswin.INV_IT_COST_CENTER_INTRF COMPUTE STATISTICS;"
INV_OTHER;"ANALYZE TABLE coswin.INV_OTHER COMPUTE STATISTICS;"
INV_RCT;"ANALYZE TABLE coswin.INV_RCT COMPUTE STATISTICS;"
INV_RMK;"ANALYZE TABLE coswin.INV_RMK COMPUTE STATISTICS;"
ISS_ITEMS;"ANALYZE TABLE coswin.ISS_ITEMS COMPUTE STATISTICS;"
ITEM_;"ANALYZE TABLE coswin.ITEM_ COMPUTE STATISTICS;"
ITEM_GROUP;"ANALYZE TABLE coswin.ITEM_GROUP COMPUTE STATISTICS;"
ITEM_INFO;"ANALYZE TABLE coswin.ITEM_INFO COMPUTE STATISTICS;"
ITEM_PTD;"ANALYZE TABLE coswin.ITEM_PTD COMPUTE STATISTICS;"
ITEM_RMK;"ANALYZE TABLE coswin.ITEM_RMK COMPUTE STATISTICS;"
ITEM_SRL;"ANALYZE TABLE coswin.ITEM_SRL COMPUTE STATISTICS;"
I_CONSP_QTY;"ANALYZE TABLE coswin.I_CONSP_QTY COMPUTE STATISTICS;"
JOBR_RMK;"ANALYZE TABLE coswin.JOBR_RMK COMPUTE STATISTICS;"
JOBS_FOR_ACT;"ANALYZE TABLE coswin.JOBS_FOR_ACT COMPUTE STATISTICS;"
JOB_ACT;"ANALYZE TABLE coswin.JOB_ACT COMPUTE STATISTICS;"
JOB_ACTN;"ANALYZE TABLE coswin.JOB_ACTN COMPUTE STATISTICS;"
JOB_ACTV;"ANALYZE TABLE coswin.JOB_ACTV COMPUTE STATISTICS;"
JOB_CATG_INT;"ANALYZE TABLE coswin.JOB_CATG_INT COMPUTE STATISTICS;"
JOB_DIR;"ANALYZE TABLE coswin.JOB_DIR COMPUTE STATISTICS;"
JOB_DOS;"ANALYZE TABLE coswin.JOB_DOS COMPUTE STATISTICS;"
JOB_EMPL;"ANALYZE TABLE coswin.JOB_EMPL COMPUTE STATISTICS;"
JOB_ID;"ANALYZE TABLE coswin.JOB_ID COMPUTE STATISTICS;"
JOB_MANR;"ANALYZE TABLE coswin.JOB_MANR COMPUTE STATISTICS;"
JOB_REMARKS_INTRF;"ANALYZE TABLE coswin.JOB_REMARKS_INTRF COMPUTE STATISTICS;"
JOB_REQUEST_INTRF;"ANALYZE TABLE coswin.JOB_REQUEST_INTRF COMPUTE STATISTICS;"
JOB_RES;"ANALYZE TABLE coswin.JOB_RES COMPUTE STATISTICS;"
JOB_SKILL;"ANALYZE TABLE coswin.JOB_SKILL COMPUTE STATISTICS;"
JOB_STOCK;"ANALYZE TABLE coswin.JOB_STOCK COMPUTE STATISTICS;"
JOB_STOKR;"ANALYZE TABLE coswin.JOB_STOKR COMPUTE STATISTICS;"
JR_DEL_PARAM;"ANALYZE TABLE coswin.JR_DEL_PARAM COMPUTE STATISTICS;"
KIT_;"ANALYZE TABLE coswin.KIT_ COMPUTE STATISTICS;"
KIT_ITEMS;"ANALYZE TABLE coswin.KIT_ITEMS COMPUTE STATISTICS;"
LATE;"ANALYZE TABLE coswin.LATE COMPUTE STATISTICS;"
LB_COLUMN;"ANALYZE TABLE coswin.LB_COLUMN COMPUTE STATISTICS;"
LB_CONFIGURATION;"ANALYZE TABLE coswin.LB_CONFIGURATION COMPUTE STATISTICS;"
LB_FILTER;"ANALYZE TABLE coswin.LB_FILTER COMPUTE STATISTICS;"
LEVELS;"ANALYZE TABLE coswin.LEVELS COMPUTE STATISTICS;"
LEVELS_USR;"ANALYZE TABLE coswin.LEVELS_USR COMPUTE STATISTICS;"
LIM_UNIT;"ANALYZE TABLE coswin.LIM_UNIT COMPUTE STATISTICS;"
LINKED_JOBS;"ANALYZE TABLE coswin.LINKED_JOBS COMPUTE STATISTICS;"
LOCATION_;"ANALYZE TABLE coswin.LOCATION_ COMPUTE STATISTICS;"
LOCATION_INTRF;"ANALYZE TABLE coswin.LOCATION_INTRF COMPUTE STATISTICS;"
MES_DIR;"ANALYZE TABLE coswin.MES_DIR COMPUTE STATISTICS;"
MES_FBACK;"ANALYZE TABLE coswin.MES_FBACK COMPUTE STATISTICS;"
MES_PT;"ANALYZE TABLE coswin.MES_PT COMPUTE STATISTICS;"
METER_FEEDBACK_INTRF;"ANALYZE TABLE coswin.METER_FEEDBACK_INTRF COMPUTE STATISTICS;"
MICROSOFTDTPROPERTIES;"ANALYZE TABLE coswin.MICROSOFTDTPROPERTIES COMPUTE STATISTICS;"
MODULE_;"ANALYZE TABLE coswin.MODULE_ COMPUTE STATISTICS;"
MODULE_INTRF;"ANALYZE TABLE coswin.MODULE_INTRF COMPUTE STATISTICS;"
M_AR_MCOD;"ANALYZE TABLE coswin.M_AR_MCOD COMPUTE STATISTICS;"
M_AR_MMET;"ANALYZE TABLE coswin.M_AR_MMET COMPUTE STATISTICS;"
M_AR_MMPT;"ANALYZE TABLE coswin.M_AR_MMPT COMPUTE STATISTICS;"
M_DLY_ATTD_INTRF;"ANALYZE TABLE coswin.M_DLY_ATTD_INTRF COMPUTE STATISTICS;"
M_DUP_WO_INTRF;"ANALYZE TABLE coswin.M_DUP_WO_INTRF COMPUTE STATISTICS;"
M_EQUIPMENT_DEFECT_INTRF;"ANALYZE TABLE coswin.M_EQUIPMENT_DEFECT_INTRF COMPUTE STATISTICS;"
M_IFCE_GLOBAL_PARAM;"ANALYZE TABLE coswin.M_IFCE_GLOBAL_PARAM COMPUTE STATISTICS;"
M_INCOMING_MSG;"ANALYZE TABLE coswin.M_INCOMING_MSG COMPUTE STATISTICS;"
M_JOB_REQUEST_INTRF;"ANALYZE TABLE coswin.M_JOB_REQUEST_INTRF COMPUTE STATISTICS;"
M_JR_DEL_PARAM;"ANALYZE TABLE coswin.M_JR_DEL_PARAM COMPUTE STATISTICS;"
M_MEASUREMENT_INTRF;"ANALYZE TABLE coswin.M_MEASUREMENT_INTRF COMPUTE STATISTICS;"
M_METER_FEEDBACK_INTRF;"ANALYZE TABLE coswin.M_METER_FEEDBACK_INTRF COMPUTE STATISTICS;"
M_OUTGOING_MSG;"ANALYZE TABLE coswin.M_OUTGOING_MSG COMPUTE STATISTICS;"
M_SDS_RESEND_INTRF;"ANALYZE TABLE coswin.M_SDS_RESEND_INTRF COMPUTE STATISTICS;"
M_STABCARFOREACHTRAIN;"ANALYZE TABLE coswin.M_STABCARFOREACHTRAIN COMPUTE STATISTICS;"
M_TMP_DLY_ATTD_INTRF;"ANALYZE TABLE coswin.M_TMP_DLY_ATTD_INTRF COMPUTE STATISTICS;"
M_TMP_STK_TR;"ANALYZE TABLE coswin.M_TMP_STK_TR COMPUTE STATISTICS;"
M_TRAINALARM;"ANALYZE TABLE coswin.M_TRAINALARM COMPUTE STATISTICS;"
M_TRAINMETER;"ANALYZE TABLE coswin.M_TRAINMETER COMPUTE STATISTICS;"
M_TRAINMETER_BITLEN;"ANALYZE TABLE coswin.M_TRAINMETER_BITLEN COMPUTE STATISTICS;"
M_TRAIN_REF_INTRF;"ANALYZE TABLE coswin.M_TRAIN_REF_INTRF COMPUTE STATISTICS;"
M_WASHHIST;"ANALYZE TABLE coswin.M_WASHHIST COMPUTE STATISTICS;"
M_WIP_WO_STAB_STD;"ANALYZE TABLE coswin.M_WIP_WO_STAB_STD COMPUTE STATISTICS;"
M_WO_FEEDBACK_INTRF;"ANALYZE TABLE coswin.M_WO_FEEDBACK_INTRF COMPUTE STATISTICS;"
NEG_INV;"ANALYZE TABLE coswin.NEG_INV COMPUTE STATISTICS;"
NEG_INV_CC;"ANALYZE TABLE coswin.NEG_INV_CC COMPUTE STATISTICS;"
NORM_DAT;"ANALYZE TABLE coswin.NORM_DAT COMPUTE STATISTICS;"
NOTIFICATION;"ANALYZE TABLE coswin.NOTIFICATION COMPUTE STATISTICS;"
NOTIF_USR;"ANALYZE TABLE coswin.NOTIF_USR COMPUTE STATISTICS;"
NSITEM;"ANALYZE TABLE coswin.NSITEM COMPUTE STATISTICS;"
OBJECTDEPENDENCIES;"ANALYZE TABLE coswin.OBJECTDEPENDENCIES COMPUTE STATISTICS;"
OBJECTSTATUS;"ANALYZE TABLE coswin.OBJECTSTATUS COMPUTE STATISTICS;"
ORDER_CHARGES_INTRF;"ANALYZE TABLE coswin.ORDER_CHARGES_INTRF COMPUTE STATISTICS;"
ORDER_INTRF;"ANALYZE TABLE coswin.ORDER_INTRF COMPUTE STATISTICS;"
ORDER_ITEM_INTRF;"ANALYZE TABLE coswin.ORDER_ITEM_INTRF COMPUTE STATISTICS;"
ORDER_REMARKS_INTRF;"ANALYZE TABLE coswin.ORDER_REMARKS_INTRF COMPUTE STATISTICS;"
ORD_IT_CHARGES_INTRF;"ANALYZE TABLE coswin.ORD_IT_CHARGES_INTRF COMPUTE STATISTICS;"
ORD_IT_COST_CENTER_INTRF;"ANALYZE TABLE coswin.ORD_IT_COST_CENTER_INTRF COMPUTE STATISTICS;"
ORD_IT_REQUEST_INTRF;"ANALYZE TABLE coswin.ORD_IT_REQUEST_INTRF COMPUTE STATISTICS;"
ORD_IT_SCHEDULE_INTRF;"ANALYZE TABLE coswin.ORD_IT_SCHEDULE_INTRF COMPUTE STATISTICS;"
PACKAGE;"ANALYZE TABLE coswin.PACKAGE COMPUTE STATISTICS;"
PACKAGED_ITEM;"ANALYZE TABLE coswin.PACKAGED_ITEM COMPUTE STATISTICS;"
PACKAGED_PO;"ANALYZE TABLE coswin.PACKAGED_PO COMPUTE STATISTICS;"
PARAMETER;"ANALYZE TABLE coswin.PARAMETER COMPUTE STATISTICS;"
PARAMETERS;"ANALYZE TABLE coswin.PARAMETERS COMPUTE STATISTICS;"
PARAMETER_INTRF;"ANALYZE TABLE coswin.PARAMETER_INTRF COMPUTE STATISTICS;"
PARENT_EQP;"ANALYZE TABLE coswin.PARENT_EQP COMPUTE STATISTICS;"
PARG2;"ANALYZE TABLE coswin.PARG2 COMPUTE STATISTICS;"
PARM13;"ANALYZE TABLE coswin.PARM13 COMPUTE STATISTICS;"
PARM15;"ANALYZE TABLE coswin.PARM15 COMPUTE STATISTICS;"
PARM16;"ANALYZE TABLE coswin.PARM16 COMPUTE STATISTICS;"
PARM17;"ANALYZE TABLE coswin.PARM17 COMPUTE STATISTICS;"
PARM18;"ANALYZE TABLE coswin.PARM18 COMPUTE STATISTICS;"
PARM19;"ANALYZE TABLE coswin.PARM19 COMPUTE STATISTICS;"
PARM23;"ANALYZE TABLE coswin.PARM23 COMPUTE STATISTICS;"
PARM_REC;"ANALYZE TABLE coswin.PARM_REC COMPUTE STATISTICS;"
PARP1;"ANALYZE TABLE coswin.PARP1 COMPUTE STATISTICS;"
PARP2;"ANALYZE TABLE coswin.PARP2 COMPUTE STATISTICS;"
PARP3;"ANALYZE TABLE coswin.PARP3 COMPUTE STATISTICS;"
PARS1;"ANALYZE TABLE coswin.PARS1 COMPUTE STATISTICS;"
PARS2;"ANALYZE TABLE coswin.PARS2 COMPUTE STATISTICS;"
PAY_MODE;"ANALYZE TABLE coswin.PAY_MODE COMPUTE STATISTICS;"
PLAN_ID;"ANALYZE TABLE coswin.PLAN_ID COMPUTE STATISTICS;"
PLAN_ID_BK;"ANALYZE TABLE coswin.PLAN_ID_BK COMPUTE STATISTICS;"
PLAN_JOBS;"ANALYZE TABLE coswin.PLAN_JOBS COMPUTE STATISTICS;"
PLAN_JOBS_EMPL;"ANALYZE TABLE coswin.PLAN_JOBS_EMPL COMPUTE STATISTICS;"
PLAN_SHIFT;"ANALYZE TABLE coswin.PLAN_SHIFT COMPUTE STATISTICS;"
PLAN_TABLE;"ANALYZE TABLE coswin.PLAN_TABLE COMPUTE STATISTICS;"
PMP_JOBS;"ANALYZE TABLE coswin.PMP_JOBS COMPUTE STATISTICS;"
PMP_TEXT;"ANALYZE TABLE coswin.PMP_TEXT COMPUTE STATISTICS;"
PORDER_;"ANALYZE TABLE coswin.PORDER_ COMPUTE STATISTICS;"
PO_CC_INT;"ANALYZE TABLE coswin.PO_CC_INT COMPUTE STATISTICS;"
PO_ITEMS;"ANALYZE TABLE coswin.PO_ITEMS COMPUTE STATISTICS;"
PO_ITEM_OTHER;"ANALYZE TABLE coswin.PO_ITEM_OTHER COMPUTE STATISTICS;"
PO_OTHER;"ANALYZE TABLE coswin.PO_OTHER COMPUTE STATISTICS;"
PO_RMK;"ANALYZE TABLE coswin.PO_RMK COMPUTE STATISTICS;"
PREQUEST;"ANALYZE TABLE coswin.PREQUEST COMPUTE STATISTICS;"
PREQ_CC_INT;"ANALYZE TABLE coswin.PREQ_CC_INT COMPUTE STATISTICS;"
PRIORITY;"ANALYZE TABLE coswin.PRIORITY COMPUTE STATISTICS;"
PROCESS_INTRF;"ANALYZE TABLE coswin.PROCESS_INTRF COMPUTE STATISTICS;"
PR_ITEMS;"ANALYZE TABLE coswin.PR_ITEMS COMPUTE STATISTICS;"
PR_PO_INT;"ANALYZE TABLE coswin.PR_PO_INT COMPUTE STATISTICS;"
PR_PQ_INT;"ANALYZE TABLE coswin.PR_PQ_INT COMPUTE STATISTICS;"
PR_RMK;"ANALYZE TABLE coswin.PR_RMK COMPUTE STATISTICS;"
RCT_CC_INT;"ANALYZE TABLE coswin.RCT_CC_INT COMPUTE STATISTICS;"
RCT_ITEMS;"ANALYZE TABLE coswin.RCT_ITEMS COMPUTE STATISTICS;"
RCT_IT_COST_CENTER_INTRF;"ANALYZE TABLE coswin.RCT_IT_COST_CENTER_INTRF COMPUTE STATISTICS;"
RCT_LOC_INT;"ANALYZE TABLE coswin.RCT_LOC_INT COMPUTE STATISTICS;"
RCT_RMK;"ANALYZE TABLE coswin.RCT_RMK COMPUTE STATISTICS;"
RC_ABINFO;"ANALYZE TABLE coswin.RC_ABINFO COMPUTE STATISTICS;"
RC_CLD_VAL;"ANALYZE TABLE coswin.RC_CLD_VAL COMPUTE STATISTICS;"
RECEIPT_;"ANALYZE TABLE coswin.RECEIPT_ COMPUTE STATISTICS;"
RECEIPT_INTRF;"ANALYZE TABLE coswin.RECEIPT_INTRF COMPUTE STATISTICS;"
RECEIPT_ITEM_INTRF;"ANALYZE TABLE coswin.RECEIPT_ITEM_INTRF COMPUTE STATISTICS;"
RECEIPT_ORDER_INTRF;"ANALYZE TABLE coswin.RECEIPT_ORDER_INTRF COMPUTE STATISTICS;"
RECEIPT_REMARKS_INTRF;"ANALYZE TABLE coswin.RECEIPT_REMARKS_INTRF COMPUTE STATISTICS;"
RECOM_ACTION;"ANALYZE TABLE coswin.RECOM_ACTION COMPUTE STATISTICS;"
RECONCILE_INV;"ANALYZE TABLE coswin.RECONCILE_INV COMPUTE STATISTICS;"
REPORT;"ANALYZE TABLE coswin.REPORT COMPUTE STATISTICS;"
REP_COUNT_ITEM;"ANALYZE TABLE coswin.REP_COUNT_ITEM COMPUTE STATISTICS;"
REQUEST_BY;"ANALYZE TABLE coswin.REQUEST_BY COMPUTE STATISTICS;"
REQUEST_INTRF;"ANALYZE TABLE coswin.REQUEST_INTRF COMPUTE STATISTICS;"
REQUEST_ITEM_INTRF;"ANALYZE TABLE coswin.REQUEST_ITEM_INTRF COMPUTE STATISTICS;"
REQUEST_REMARKS_INTRF;"ANALYZE TABLE coswin.REQUEST_REMARKS_INTRF COMPUTE STATISTICS;"
REQ_IT_COST_CENTER_INTRF;"ANALYZE TABLE coswin.REQ_IT_COST_CENTER_INTRF COMPUTE STATISTICS;"
RES_ATTENDANCE;"ANALYZE TABLE coswin.RES_ATTENDANCE COMPUTE STATISTICS;"
RES_CLDR;"ANALYZE TABLE coswin.RES_CLDR COMPUTE STATISTICS;"
RES_EMPL;"ANALYZE TABLE coswin.RES_EMPL COMPUTE STATISTICS;"
RES_HOUR;"ANALYZE TABLE coswin.RES_HOUR COMPUTE STATISTICS;"
RES_SKILL;"ANALYZE TABLE coswin.RES_SKILL COMPUTE STATISTICS;"
RES_SUPV;"ANALYZE TABLE coswin.RES_SUPV COMPUTE STATISTICS;"
RES_TRADE;"ANALYZE TABLE coswin.RES_TRADE COMPUTE STATISTICS;"
RES_UNASSIGN;"ANALYZE TABLE coswin.RES_UNASSIGN COMPUTE STATISTICS;"
RES_VALUE;"ANALYZE TABLE coswin.RES_VALUE COMPUTE STATISTICS;"
RE_RATE;"ANALYZE TABLE coswin.RE_RATE COMPUTE STATISTICS;"
RH_HRS;"ANALYZE TABLE coswin.RH_HRS COMPUTE STATISTICS;"
ROSTER;"ANALYZE TABLE coswin.ROSTER COMPUTE STATISTICS;"
RT_RATE;"ANALYZE TABLE coswin.RT_RATE COMPUTE STATISTICS;"
SDS_ALARM_INTRF;"ANALYZE TABLE coswin.SDS_ALARM_INTRF COMPUTE STATISTICS;"
SDS_INWARDS_INTRF;"ANALYZE TABLE coswin.SDS_INWARDS_INTRF COMPUTE STATISTICS;"
SDS_ITEM_INTRF;"ANALYZE TABLE coswin.SDS_ITEM_INTRF COMPUTE STATISTICS;"
SDS_PICKING_INTRF;"ANALYZE TABLE coswin.SDS_PICKING_INTRF COMPUTE STATISTICS;"
SDS_STKCOUNT_INTRF;"ANALYZE TABLE coswin.SDS_STKCOUNT_INTRF COMPUTE STATISTICS;"
SDS_STOCKADJ_INTRF;"ANALYZE TABLE coswin.SDS_STOCKADJ_INTRF COMPUTE STATISTICS;"
SDS_UOM_INTRF;"ANALYZE TABLE coswin.SDS_UOM_INTRF COMPUTE STATISTICS;"
SERVICE;"ANALYZE TABLE coswin.SERVICE COMPUTE STATISTICS;"
SESSION_INTRF;"ANALYZE TABLE coswin.SESSION_INTRF COMPUTE STATISTICS;"
SHIFT;"ANALYZE TABLE coswin.SHIFT COMPUTE STATISTICS;"
SHIFT_PATTERN;"ANALYZE TABLE coswin.SHIFT_PATTERN COMPUTE STATISTICS;"
SHIFT_RESOURCE;"ANALYZE TABLE coswin.SHIFT_RESOURCE COMPUTE STATISTICS;"
SKILL;"ANALYZE TABLE coswin.SKILL COMPUTE STATISTICS;"
STEP;"ANALYZE TABLE coswin.STEP COMPUTE STATISTICS;"
STK_ADJ;"ANALYZE TABLE coswin.STK_ADJ COMPUTE STATISTICS;"
STORES;"ANALYZE TABLE coswin.STORES COMPUTE STATISTICS;"
STORES_ITEMS;"ANALYZE TABLE coswin.STORES_ITEMS COMPUTE STATISTICS;"
STORE_PTD;"ANALYZE TABLE coswin.STORE_PTD COMPUTE STATISTICS;"
SUPL_ITEMS;"ANALYZE TABLE coswin.SUPL_ITEMS COMPUTE STATISTICS;"
SUPL_RMK;"ANALYZE TABLE coswin.SUPL_RMK COMPUTE STATISTICS;"
SUPPLIER_;"ANALYZE TABLE coswin.SUPPLIER_ COMPUTE STATISTICS;"
SUPPL_AGREE;"ANALYZE TABLE coswin.SUPPL_AGREE COMPUTE STATISTICS;"
SUPPL_AGREE_ITEM;"ANALYZE TABLE coswin.SUPPL_AGREE_ITEM COMPUTE STATISTICS;"
SUPPL_AGREE_RMK;"ANALYZE TABLE coswin.SUPPL_AGREE_RMK COMPUTE STATISTICS;"
SUP_PERF;"ANALYZE TABLE coswin.SUP_PERF COMPUTE STATISTICS;"
SYSTEM_;"ANALYZE TABLE coswin.SYSTEM_ COMPUTE STATISTICS;"
S_DISC_PRI;"ANALYZE TABLE coswin.S_DISC_PRI COMPUTE STATISTICS;"
S_DISC_RATEP;"ANALYZE TABLE coswin.S_DISC_RATEP COMPUTE STATISTICS;"
S_EARL;"ANALYZE TABLE coswin.S_EARL COMPUTE STATISTICS;"
S_LATE;"ANALYZE TABLE coswin.S_LATE COMPUTE STATISTICS;"
S_ORD_QTY_VAL;"ANALYZE TABLE coswin.S_ORD_QTY_VAL COMPUTE STATISTICS;"
S_PAY;"ANALYZE TABLE coswin.S_PAY COMPUTE STATISTICS;"
TEMP_CMMT;"ANALYZE TABLE coswin.TEMP_CMMT COMPUTE STATISTICS;"
TEMP_SETS_LIST;"ANALYZE TABLE coswin.TEMP_SETS_LIST COMPUTE STATISTICS;"
TEMP_STATS;"ANALYZE TABLE coswin.TEMP_STATS COMPUTE STATISTICS;"
TEMP_TAR_DET;"ANALYZE TABLE coswin.TEMP_TAR_DET COMPUTE STATISTICS;"
TH_LINE;"ANALYZE TABLE coswin.TH_LINE COMPUTE STATISTICS;"
TMP_CHG_FIELDS;"ANALYZE TABLE coswin.TMP_CHG_FIELDS COMPUTE STATISTICS;"
TN_LINE;"ANALYZE TABLE coswin.TN_LINE COMPUTE STATISTICS;"
TRACE;"ANALYZE TABLE coswin.TRACE COMPUTE STATISTICS;"
TRACE_ODC;"ANALYZE TABLE coswin.TRACE_ODC COMPUTE STATISTICS;"
TRANSFER_;"ANALYZE TABLE coswin.TRANSFER_ COMPUTE STATISTICS;"
TRANSPORTER;"ANALYZE TABLE coswin.TRANSPORTER COMPUTE STATISTICS;"
TRANSP_STEP;"ANALYZE TABLE coswin.TRANSP_STEP COMPUTE STATISTICS;"
TRANS_FOLLOW_UP;"ANALYZE TABLE coswin.TRANS_FOLLOW_UP COMPUTE STATISTICS;"
TR_ITEMS;"ANALYZE TABLE coswin.TR_ITEMS COMPUTE STATISTICS;"
T_ACCESS_REQUEST_T;"ANALYZE TABLE coswin.T_ACCESS_REQUEST_T COMPUTE STATISTICS;"
T_AMS_PARAM_T;"ANALYZE TABLE coswin.T_AMS_PARAM_T COMPUTE STATISTICS;"
T_AMS_PERMIT_T;"ANALYZE TABLE coswin.T_AMS_PERMIT_T COMPUTE STATISTICS;"
T_AUDIT_T_LCC_CF_T;"ANALYZE TABLE coswin.T_AUDIT_T_LCC_CF_T COMPUTE STATISTICS;"
T_AUDIT_T_LCC_MEAN_T;"ANALYZE TABLE coswin.T_AUDIT_T_LCC_MEAN_T COMPUTE STATISTICS;"
T_AUDIT_T_LCC_MTHLY_T;"ANALYZE TABLE coswin.T_AUDIT_T_LCC_MTHLY_T COMPUTE STATISTICS;"
T_AUDIT_T_LCC_T;"ANALYZE TABLE coswin.T_AUDIT_T_LCC_T COMPUTE STATISTICS;"
T_CONF_ELEC_CONF;"ANALYZE TABLE coswin.T_CONF_ELEC_CONF COMPUTE STATISTICS;"
T_CONF_POSS_CONF;"ANALYZE TABLE coswin.T_CONF_POSS_CONF COMPUTE STATISTICS;"
T_ELEC_CONFLICT;"ANALYZE TABLE coswin.T_ELEC_CONFLICT COMPUTE STATISTICS;"
T_FAC_PARAM_T;"ANALYZE TABLE coswin.T_FAC_PARAM_T COMPUTE STATISTICS;"
T_KERN_EMPL;"ANALYZE TABLE coswin.T_KERN_EMPL COMPUTE STATISTICS;"
T_KERN_FAC;"ANALYZE TABLE coswin.T_KERN_FAC COMPUTE STATISTICS;"
T_LCC_CF_T;"ANALYZE TABLE coswin.T_LCC_CF_T COMPUTE STATISTICS;"
T_LCC_MEAN_T;"ANALYZE TABLE coswin.T_LCC_MEAN_T COMPUTE STATISTICS;"
T_LCC_MTHLY_T;"ANALYZE TABLE coswin.T_LCC_MTHLY_T COMPUTE STATISTICS;"
T_LCC_T;"ANALYZE TABLE coswin.T_LCC_T COMPUTE STATISTICS;"
T_ODC_RESET_FLAG_T;"ANALYZE TABLE coswin.T_ODC_RESET_FLAG_T COMPUTE STATISTICS;"
T_ODC_STAB_T;"ANALYZE TABLE coswin.T_ODC_STAB_T COMPUTE STATISTICS;"
T_POSS_CONFLICT;"ANALYZE TABLE coswin.T_POSS_CONFLICT COMPUTE STATISTICS;"
T_STABLING_T;"ANALYZE TABLE coswin.T_STABLING_T COMPUTE STATISTICS;"
T_STAB_PARAM_T;"ANALYZE TABLE coswin.T_STAB_PARAM_T COMPUTE STATISTICS;"
T_STAB_PRIOR_T;"ANALYZE TABLE coswin.T_STAB_PRIOR_T COMPUTE STATISTICS;"
T_TAR_CMMT;"ANALYZE TABLE coswin.T_TAR_CMMT COMPUTE STATISTICS;"
T_TAR_LATE;"ANALYZE TABLE coswin.T_TAR_LATE COMPUTE STATISTICS;"
T_TAS_ATAR;"ANALYZE TABLE coswin.T_TAS_ATAR COMPUTE STATISTICS;"
T_TAS_ATOA;"ANALYZE TABLE coswin.T_TAS_ATOA COMPUTE STATISTICS;"
T_TAS_CUT_OFF_DT;"ANALYZE TABLE coswin.T_TAS_CUT_OFF_DT COMPUTE STATISTICS;"
T_TAS_E_SECT;"ANALYZE TABLE coswin.T_TAS_E_SECT COMPUTE STATISTICS;"
T_TAS_IND_RES;"ANALYZE TABLE coswin.T_TAS_IND_RES COMPUTE STATISTICS;"
T_TAS_NEMP;"ANALYZE TABLE coswin.T_TAS_NEMP COMPUTE STATISTICS;"
T_TAS_PM_PIC;"ANALYZE TABLE coswin.T_TAS_PM_PIC COMPUTE STATISTICS;"
T_TAS_PM_PIC_HIS;"ANALYZE TABLE coswin.T_TAS_PM_PIC_HIS COMPUTE STATISTICS;"
T_TAS_ST_MGR;"ANALYZE TABLE coswin.T_TAS_ST_MGR COMPUTE STATISTICS;"
T_TAS_TAR_EMP;"ANALYZE TABLE coswin.T_TAS_TAR_EMP COMPUTE STATISTICS;"
T_TAS_TAR_E_SECT;"ANALYZE TABLE coswin.T_TAS_TAR_E_SECT COMPUTE STATISTICS;"
T_TAS_TAR_FAC;"ANALYZE TABLE coswin.T_TAS_TAR_FAC COMPUTE STATISTICS;"
T_TAS_TAR_IND_RES;"ANALYZE TABLE coswin.T_TAS_TAR_IND_RES COMPUTE STATISTICS;"
T_TAS_TAR_NEMP;"ANALYZE TABLE coswin.T_TAS_TAR_NEMP COMPUTE STATISTICS;"
T_TAS_TAR_T_SECT;"ANALYZE TABLE coswin.T_TAS_TAR_T_SECT COMPUTE STATISTICS;"
T_TAS_TRACE;"ANALYZE TABLE coswin.T_TAS_TRACE COMPUTE STATISTICS;"
T_TAS_T_SECT;"ANALYZE TABLE coswin.T_TAS_T_SECT COMPUTE STATISTICS;"
T_TOA_CMMT;"ANALYZE TABLE coswin.T_TOA_CMMT COMPUTE STATISTICS;"
T_TRAIN_EQCD_T;"ANALYZE TABLE coswin.T_TRAIN_EQCD_T COMPUTE STATISTICS;"
T_WASHCODE_T;"ANALYZE TABLE coswin.T_WASHCODE_T COMPUTE STATISTICS;"
T_WC_JBTY_T;"ANALYZE TABLE coswin.T_WC_JBTY_T COMPUTE STATISTICS;"
T_WC_PARAM_T;"ANALYZE TABLE coswin.T_WC_PARAM_T COMPUTE STATISTICS;"
T_WO_STATUS_T;"ANALYZE TABLE coswin.T_WO_STATUS_T COMPUTE STATISTICS;"
UNITS;"ANALYZE TABLE coswin.UNITS COMPUTE STATISTICS;"
UNITS_CONV;"ANALYZE TABLE coswin.UNITS_CONV COMPUTE STATISTICS;"
USERS_WMDB;"ANALYZE TABLE coswin.USERS_WMDB COMPUTE STATISTICS;"
USR_RIGHTS;"ANALYZE TABLE coswin.USR_RIGHTS COMPUTE STATISTICS;"
VALIDED_BY;"ANALYZE TABLE coswin.VALIDED_BY COMPUTE STATISTICS;"
VAL_CIRCUIT;"ANALYZE TABLE coswin.VAL_CIRCUIT COMPUTE STATISTICS;"
VAL_COMMENTS;"ANALYZE TABLE coswin.VAL_COMMENTS COMPUTE STATISTICS;"
VAL_CONDITION;"ANALYZE TABLE coswin.VAL_CONDITION COMPUTE STATISTICS;"
VAL_STEP;"ANALYZE TABLE coswin.VAL_STEP COMPUTE STATISTICS;"
WIN_USERS;"ANALYZE TABLE coswin.WIN_USERS COMPUTE STATISTICS;"
WIP_AE;"ANALYZE TABLE coswin.WIP_AE COMPUTE STATISTICS;"
WIP_WA;"ANALYZE TABLE coswin.WIP_WA COMPUTE STATISTICS;"
WIP_WE;"ANALYZE TABLE coswin.WIP_WE COMPUTE STATISTICS;"
WIP_WN;"ANALYZE TABLE coswin.WIP_WN COMPUTE STATISTICS;"
WIP_WO;"ANALYZE TABLE coswin.WIP_WO COMPUTE STATISTICS;"
WIP_WO_EMPL;"ANALYZE TABLE coswin.WIP_WO_EMPL COMPUTE STATISTICS;"
WIP_WO_SHIFT;"ANALYZE TABLE coswin.WIP_WO_SHIFT COMPUTE STATISTICS;"
WIP_WS;"ANALYZE TABLE coswin.WIP_WS COMPUTE STATISTICS;"
WIP_WT;"ANALYZE TABLE coswin.WIP_WT COMPUTE STATISTICS;"
WK_COLUMNS;"ANALYZE TABLE coswin.WK_COLUMNS COMPUTE STATISTICS;"
WORKORDER_INTRF;"ANALYZE TABLE coswin.WORKORDER_INTRF COMPUTE STATISTICS;"
WO_EMPL_ASSIGN;"ANALYZE TABLE coswin.WO_EMPL_ASSIGN COMPUTE STATISTICS;"
WO_METERFDBK;"ANALYZE TABLE coswin.WO_METERFDBK COMPUTE STATISTICS;"
WP_WORK_PERMIT;"ANALYZE TABLE coswin.WP_WORK_PERMIT COMPUTE STATISTICS;"
WP_WORK_PERMIT_EMPL;"ANALYZE TABLE coswin.WP_WORK_PERMIT_EMPL COMPUTE STATISTICS;"
WP_WORK_PERMIT_INFO;"ANALYZE TABLE coswin.WP_WORK_PERMIT_INFO COMPUTE STATISTICS;"
WP_WORK_PERMIT_TYPE;"ANALYZE TABLE coswin.WP_WORK_PERMIT_TYPE COMPUTE STATISTICS;"
