OWNER;TABLE_NAME;TABLE_TYPE;COMMENTS;ORIGIN_CON_ID;NUM_ROWS;ID;
COSWIN;ACT_CATG;TABLE;The act_catg class encapsulates data and behaviour of action kind business object.;0;25;1;
COSWIN;ACT_PRD;TABLE;"The act_prd class stores the periodicity for jobs (and for actions). There  are 3 types of periodicity:
- time based (a number of time unit (day, week))
- meter based (a number of meter unit)
- time and meter based (both above).";0;0;2;
COSWIN;ADOPTED_PATTERN;TABLE;;0;2;3;
COSWIN;AD_ADDRESS;TABLE;;0;270;4;
COSWIN;AD_CONTACT;TABLE;;0;370;5;
COSWIN;ALT_ITEMS;TABLE;This table keeps links between alternate items.;0;302;6;
COSWIN;AN_TIME;TABLE;The AN_TIME class encapsulates analysis information for a given cost type in the year.;0;6051720;7;
COSWIN;ASSIGNED_EMPL;TABLE;;0;0;8;
COSWIN;ASSIGNED_SHIFT;TABLE;;0;0;9;
COSWIN;ASSIGNMENT;TABLE;;0;0;10;
COSWIN;ATTENDANCE_INTRF;TABLE;;0;0;11;
COSWIN;AUDIT_ALT_ITEMS;TABLE;;0;860;12;
COSWIN;AUDIT_BATCH_;TABLE;;0;545273;13;
COSWIN;AUDIT_COUNT_;TABLE;;0;1844;14;
COSWIN;AUDIT_DEM_ISS;TABLE;;0;207405;15;
COSWIN;AUDIT_DEM_ITEMS;TABLE;;0;408421;16;
COSWIN;AUDIT_DEVIS;TABLE;;0;565131;17;
COSWIN;AUDIT_DV_ITEMS;TABLE;;0;929249;18;
COSWIN;AUDIT_DV_RMK;TABLE;;0;0;19;
COSWIN;AUDIT_EQP_ACT;TABLE;;0;0;20;
COSWIN;AUDIT_EQP_DEFR;TABLE;;0;183148;21;
COSWIN;AUDIT_EQP_GROUP;TABLE;;0;393539;22;
COSWIN;AUDIT_EQP_JOBR;TABLE;;0;24543582;23;
COSWIN;AUDIT_EQP_JOBS;TABLE;;0;1285477;24;
COSWIN;AUDIT_EQP_MOVE;TABLE;;0;226330;25;
COSWIN;AUDIT_EQP_RES;TABLE;;0;0;26;
COSWIN;AUDIT_EQP_SRL;TABLE;;0;39639;27;
COSWIN;AUDIT_EQP_STOCK;TABLE;;0;0;28;
COSWIN;AUDIT_EQP_TOPO;TABLE;;0;634979;29;
COSWIN;AUDIT_HIS_HO;TABLE;;0;619349;30;
COSWIN;AUDIT_INVOICE_;TABLE;;0;241162;31;
COSWIN;AUDIT_INV_ITEMS;TABLE;;0;110297;32;
COSWIN;AUDIT_INV_RMK;TABLE;;0;0;33;
COSWIN;AUDIT_ISS_ITEMS;TABLE;;0;131225;34;
COSWIN;AUDIT_ITEM_;TABLE;;0;4763203;35;
COSWIN;AUDIT_ITEM_RMK;TABLE;;0;0;36;
COSWIN;AUDIT_JOB_ACTN;TABLE;;0;14738;37;
COSWIN;AUDIT_JOB_ACTV;TABLE;;0;0;38;
COSWIN;AUDIT_JOB_CATG_INT;TABLE;;0;65362;39;
COSWIN;AUDIT_JOB_DIR;TABLE;;0;78727;40;
COSWIN;AUDIT_JOB_MANR;TABLE;;0;0;41;
COSWIN;AUDIT_JOB_STOKR;TABLE;;0;51238;42;
COSWIN;AUDIT_LINKED_JOBS;TABLE;;0;0;43;
COSWIN;AUDIT_NEG_INV;TABLE;;0;1232;44;
COSWIN;AUDIT_NEG_INV_CC;TABLE;;0;617;45;
COSWIN;AUDIT_PARENT_EQP;TABLE;;0;0;46;
COSWIN;AUDIT_PLAN_ID;TABLE;;0;376739;47;
COSWIN;AUDIT_PLAN_JOBS;TABLE;;0;6312454;48;
COSWIN;AUDIT_PORDER_;TABLE;;0;424384;49;
COSWIN;AUDIT_PO_ITEMS;TABLE;;0;357996;50;
COSWIN;AUDIT_PO_RMK;TABLE;;0;0;51;
COSWIN;AUDIT_PREQUEST;TABLE;;0;369856;52;
COSWIN;AUDIT_PR_ITEMS;TABLE;;0;473181;53;
COSWIN;AUDIT_PR_RMK;TABLE;;0;0;54;
COSWIN;AUDIT_RCT_ITEMS;TABLE;;0;283001;55;
COSWIN;AUDIT_RCT_RMK;TABLE;;0;0;56;
COSWIN;AUDIT_RECEIPT_;TABLE;;0;300768;57;
COSWIN;AUDIT_RECONCILE_INV;TABLE;;0;0;58;
COSWIN;AUDIT_STK_ADJ;TABLE;;0;8390;59;
COSWIN;AUDIT_STORES_ITEMS;TABLE;;0;435840;60;
COSWIN;AUDIT_SUPL_ITEMS;TABLE;;0;472445;61;
COSWIN;AUDIT_SUPL_RMK;TABLE;;0;0;62;
COSWIN;AUDIT_SUPPLIER_;TABLE;;0;134589;63;
COSWIN;AUDIT_TRANSFER_;TABLE;;0;40607;64;
COSWIN;AUDIT_TR_ITEMS;TABLE;;0;40526;65;
COSWIN;AUDIT_WIP_WA;TABLE;;0;1076139;66;
COSWIN;AUDIT_WIP_WE;TABLE;;0;2075806;67;
COSWIN;AUDIT_WIP_WN;TABLE;;0;0;68;
COSWIN;AUDIT_WIP_WO;TABLE;;0;5090624;69;
COSWIN;AUDIT_WIP_WS;TABLE;;0;193057;70;
COSWIN;AUDIT_WIP_WT;TABLE;;0;2262213;71;
COSWIN;BATCH_;TABLE;This table encasulates data concerning item batches.;0;28358;72;
COSWIN;BC_COST;TABLE;Holds the funds allocated to a budget.;0;0;73;
COSWIN;BINS;TABLE;Encapsulates bin business objects data and behaviour;0;5098;74;
COSWIN;BUD_VAL;TABLE;Holds the budget value for each month of a given year;0;0;75;
COSWIN;CC_LYMON_VAL;TABLE;Holds monthly consumption values for the previous year for the costcentre.;0;4128;76;
COSWIN;CC_PER;TABLE;Holds the consumption, invoiced, budget and receipt values for a given accounting period.;0;1720;77;
COSWIN;CC_PER_VAL;TABLE;Holds ordered, invoiced, credit notes monthly values for three years for each costcentre.;0;12384;78;
COSWIN;CC_TYMON_VAL;TABLE;Holds monthly consumption values for the current year for the costcentre.;0;4128;79;
COSWIN;CL_DATA;TABLE;;0;9150;80;
COSWIN;CN_INVOICE;TABLE;;0;1;81;
COSWIN;COH_ENTITY;TABLE;;0;130;82;
COSWIN;COH_TYPE;TABLE;;0;6;83;
COSWIN;COMPANY;TABLE;The supplier that acts as the company. Used as supplier for automatically generated receipts of damaged repairable items.;0;1;84;
COSWIN;CONT_INV;TABLE;This class maintains the information for the contract invoice.;0;0;85;
COSWIN;CON_BG_COST;TABLE;Holds labour, material and miscellaneous costs for a contract, detailed by planned, unplanned and other types.;0;0;86;
COSWIN;COSTCENTRE_;TABLE;Encapsulates costcentre business objects data and behaviour;0;344;87;
COSWIN;COUNTRY_;TABLE;The Country class encapsulates data of country and currency business object.;0;26;88;
COSWIN;COUNT_;TABLE;This class encapsulates the data and the behaviour of stock count business object.;0;3038;89;
COSWIN;COUNT_INTRF;TABLE;;0;1409;90;
COSWIN;CRNCY_CONV;TABLE;The crncy_conv class encapsulates data and behaviour of conversions business object.;0;26;91;
COSWIN;DAILY_SHIFT;TABLE;;0;42;92;
COSWIN;DEL_SCHED;TABLE;Encapsulates data and behaviour for delivery schedule for purchase order items.;0;81937;93;
COSWIN;DEMAND_ISSUE_INTRF;TABLE;;0;1000;94;
COSWIN;DEMAND_ISSUE_ITEM_INTRF;TABLE;;0;85702;95;
COSWIN;DEM_ISS;TABLE;Encapsulates issue and demand business objects common data and behaviour.;0;74690;96;
COSWIN;DEM_ITEMS;TABLE;Encapsulates demand item business object data and behaviour.;0;150513;97;
COSWIN;DEM_LOC_INT;TABLE;Encapsulates demand item to location business object data and behaviour.;0;289240;98;
COSWIN;DEVIS;TABLE;This class encapsulates the data and the behaviour of devis business objects.;0;163799;99;
COSWIN;DIR_ACTION;TABLE;The dir_action class encapsulates data and behaviour of base action business object.;0;1169;100;
COSWIN;DIR_BUDG;TABLE;The dir_budg class encapsulates data and behaviour of COSWIN budgets.;0;0;101;
COSWIN;DIR_CATG;TABLE;Encapsulates category business object data and behaviour.;0;71;102;
COSWIN;DIR_CCBC;TABLE;Encapsulates data and behaviour for the intersection between costcentres and budgets.;0;0;103;
COSWIN;DIR_DEFD;TABLE;The codification class contains data and common behaviour to all codes used in COSWIN, i.e., symptoms, defects, causes, actions, to do and to do not.;0;10427;104;
COSWIN;DIR_INV_PO;TABLE;;0;72995;105;
COSWIN;DIR_JBCL;TABLE;The dir_jbcl table encapsulates data and behaviour of job class business object. All job classes must be defined in parameters.;0;2;106;
COSWIN;DIR_JBTY;TABLE;The dir_jbty table encapsulates data and behaviour of job type business object. All job types must be defined in parameters and, once an equipment job is attached to a type, it inherits the behaviour and the priority.;0;28;107;
COSWIN;DIR_MANF;TABLE; Contains data about the manufacturers fo the equipment in use.;0;220;108;
COSWIN;DIR_METER;TABLE;The dir_meter table encapsulates data and behaviour of meter business object.;0;46544;109;
COSWIN;DIR_MREAD;TABLE;The dir_mread class encapsulates data and behaviour of meter reading business object.;0;84716;110;
COSWIN;DIR_MSET;TABLE;This class keeps the directory definitions for the measurement set.;0;0;111;
COSWIN;DIR_NORM;TABLE;Keeps the definition of the measurement norms directory.;0;0;112;
COSWIN;DIR_RCT_PO;TABLE;;0;78218;113;
COSWIN;DIR_STOCK;TABLE;Encapsulates data and behaviour of spare/tools business object.;0;4982;114;
COSWIN;DIR_SUBC;TABLE;Keeps the information for a subcontractor.;0;1;115;
COSWIN;DIR_SUPP;TABLE; Maintains data refering to the suppliers for the equipment.;0;152;116;
COSWIN;DIR_UNIT;TABLE;This class describes the functionality of the function business class;0;743;117;
COSWIN;DIR_WOST;TABLE;Holds the user-defined work order states.;0;9;118;
COSWIN;DIR_ZONE;TABLE;Describes the functionality of the zone business class.;0;357;119;
COSWIN;DOS_RMK;TABLE;;0;2;120;
COSWIN;DV_CC_INT;TABLE;This class encapsulates the data and the behaviour of quotation item to costcentre business objects.;0;301759;121;
COSWIN;DV_ITEMS;TABLE;This class encapsulates the data and the behaviour of quotation item business objects.;0;297394;122;
COSWIN;DV_ITEM_OTHER;TABLE;Additional charges for a Purchase Quotation Item;0;1486970;123;
COSWIN;DV_OTHER;TABLE;Additional charges for a Purchase Quotation;0;818995;124;
COSWIN;DV_RMK;TABLE;;0;222943;125;
COSWIN;EARL;TABLE;;0;218732;126;
COSWIN;EMPLOYEE_ACTIONS_INTRF;TABLE;;0;413;127;
COSWIN;EMPLOYEE_FEEDBACK_INTRF;TABLE;;0;3730;128;
COSWIN;EMPL_SHIFT;TABLE;;0;56;129;
COSWIN;EMP_SKILL;TABLE;;0;237;130;
COSWIN;EQP_ACT;TABLE;Manages Actions in PMP Data module.;0;0;131;
COSWIN;EQP_ANAL;TABLE;The EQP_ANAL class encapsulates data of an analyzed year. For one analyzed year, only one foreign key should be not null (only one object is analyzed).;0;1008620;132;
COSWIN;EQP_BACKUP;TABLE;;0;3;133;
COSWIN;EQP_CLDR;TABLE;;0;25;134;
COSWIN;EQP_CLD_VAL;TABLE;Holds resource usage calendar information by day.;0;0;135;
COSWIN;EQP_CONT;TABLE;Encapsulates Contract business object data and behaviour.;0;0;136;
COSWIN;EQP_DEFR;TABLE;The eqp_defr class encapsulates data and behaviour from diagnosis business object;0;234730;137;
COSWIN;EQP_DOS;TABLE;Encapsulates 'to do' and 'to do not' business object data and behaviour.;0;0;138;
COSWIN;EQP_DRAW;TABLE;Encapsulates equipment manuals and drawings business object data and behaviour.;0;0;139;
COSWIN;EQP_GROUP;TABLE;Equipment attached to the group.;0;133283;140;
COSWIN;EQP_HEAD;TABLE;This class will keep only the specification classes definition. Equipments will have their own specification classes, based on this class, but containing only attributes values.;0;7;141;
COSWIN;EQP_JOBR;TABLE;Maintains the user Job Request informations.;0;430158;142;
COSWIN;EQP_JOBR_NEW;TABLE;;0;49657;143;
COSWIN;EQP_JOBS;TABLE;The EquipmentJob class encapsulates data and behaviour of equipment job business object.;0;103413;144;
COSWIN;EQP_METER;TABLE;;0;21727;145;
COSWIN;EQP_MOVE;TABLE;The class of equipment movements. A default movement is added at the creation of a new equipment.;0;485624;146;
COSWIN;EQP_MSET;TABLE;Keeps the data about the measurement set attached to an equipment.;0;0;147;
COSWIN;EQP_NOTE;TABLE;Keeps the SpecificationClasses defined for an equipment technical specifications.;0;7148;148;
COSWIN;EQP_PODP;TABLE;Encapsulates equipment depreciation and equipment purchasing business object data and behaviour.;0;19799;149;
COSWIN;EQP_RES;TABLE;The eqp_res class encapsulates data and behaviour of resource requirement business object.;0;0;150;
COSWIN;EQP_SPARE;TABLE;The EquipmentSpare table is used to define the list of minimum spare requirements for an equipment.;0;15493;151;
COSWIN;EQP_SRL;TABLE; Keeps the list of the item serial number used for this equipment;0;127175;152;
COSWIN;EQP_STATUS;TABLE;The EquipmentStatus class encapsulates data and behaviour of equipment status business object.;0;0;153;
COSWIN;EQP_STOCK;TABLE;The eqp_stock class encapsulates data and behaviour of stock requirement business object.;0;0;154;
COSWIN;EQP_TECH;TABLE;This class encapsulates the data and the behaviour of equipment technical specifications business object.;0;136926;155;
COSWIN;EQP_TOPO;TABLE;This is the class used in almost all modules linked with equipment. It keeps all the functionalities common to equipment and group equipment.;0;250711;156;
COSWIN;EQUIPMENT_DEFECT_INTRF;TABLE;;0;6;157;
COSWIN;EQV_SPEC;TABLE;The SpecialityEquivalence class encapsulates data and behaviour of equivalence for speciality business object.;;;;
;"The purpose of this class is to mantain the equivalence between a speciality code from the ASCII file and one or two resource codes from the database. The number of resources required must be also specified.""";0;0;158;;;
COSWIN;ERROR_INTRF;TABLE;;0;129;159;
COSWIN;EXT_MODULE;TABLE;;0;569;160;
COSWIN;FK_WORK_PERMIT;TABLE;;0;0;161;
COSWIN;FM_FACILITY;TABLE;;0;65;162;
COSWIN;FM_INSTANCE;TABLE;;0;130;163;
COSWIN;FM_REQUIREMENT;TABLE;;0;0;164;
COSWIN;FM_USAGE;TABLE;;0;0;165;
COSWIN;FOLLOW_UP;TABLE;;0;0;166;
COSWIN;FREE_TBL1;TABLE;;0;13;167;
COSWIN;FREE_TBL2;TABLE;;0;0;168;
COSWIN;FREE_TBL3;TABLE;;0;0;169;
COSWIN;FREE_TBL4;TABLE;;0;0;170;
COSWIN;FREE_TBL5;TABLE;;0;143;171;
COSWIN;FREE_TBL6;TABLE;;0;87921;172;
COSWIN;GEN_ACCESS;TABLE;;0;0;173;
COSWIN;GEN_ACTN;TABLE;Action which can be used for TempJob generation.;0;0;174;
COSWIN;GEN_ADDR;TABLE;;0;746;175;
COSWIN;GEN_HEAD;TABLE;This class is used to store temporary file name and description for generation of temporary jobs (which finally become PMP jobs). The temporary file must not exist already.;0;0;176;
COSWIN;GEN_JOBS;TABLE;;0;0;177;
COSWIN;GROUP_JBTY;TABLE;;0;0;178;
COSWIN;GROUP_PTD;TABLE;Keeps cumulative values, by accounting period, for each item group.;0;685;179;
COSWIN;GROUP_USERS;TABLE;Holds the groups of users defined in COSWIN.;0;122;180;
COSWIN;GROUP_WMDB;TABLE;Holds the Resource Editor schema associated to a group of users.;0;115;181;
COSWIN;GROUP_WOSTU;TABLE;;0;14;182;
COSWIN;GRP_CRIT;TABLE;The grp_crit class encapsulates data and behaviour of action group business object.;0;0;183;
COSWIN;GRP_QUERY;TABLE;;0;0;184;
COSWIN;GRP_RIGHTS;TABLE;Keep the rights for modules functionalities for each group of users.;0;24400;185;
COSWIN;HAZARD_EFFECT;TABLE;;0;0;186;
COSWIN;HAZARD_REPORT;TABLE;;0;0;187;
COSWIN;HAZARD_TYPE;TABLE;;0;0;188;
COSWIN;HE_DET;TABLE;This class will keep data about the daily activity of an employee engaged in a work order execution.;0;572699;189;
COSWIN;HIST_ACT;TABLE;Action in the history of a PMP job.;0;0;190;
COSWIN;HIST_JOBS;TABLE;This class keeps the details of the archived versions of PmpJob.;;;;
;"Almost all informations will be copied from Work Order Module at the archiving time.""";0;0;191;;;
COSWIN;HIST_RES;TABLE;Human Resources (skills) required by the HistoryPmpAction.;0;0;192;
COSWIN;HIST_STOCK;TABLE;Stock requirements for the HistoryPmpAction. This class will keep the items and quantities used for a specific HistoryPmpAction.;0;0;193;
COSWIN;HIS_AE;TABLE;This class keeps the details of the actions defined for the archived Work Orders.;;;;
;"Almost all informations will be copied from ActionFeedback at the archiving time.""";0;16855;194;;;
COSWIN;HIS_FM_FACILITY;TABLE;;0;9;195;
COSWIN;HIS_HA;TABLE;Actions defined for the work order.;0;261783;196;
COSWIN;HIS_HD;TABLE;This class will keep the encountered diagnosis for a specific work order. A diagnose means one or more of the following codes: symptom, defect, cause and action.;0;63274;197;
COSWIN;HIS_HE;TABLE;History Employee usage class. This class will keep the manpower usage for the history work order.;0;459586;198;
COSWIN;HIS_HN;TABLE;;0;239310;199;
COSWIN;HIS_HO;TABLE;This class keeps the details of the archived Work Orders.;;;;
;"Almost all informations will be copied from Work Order Module at the archiving time.""";0;267389;200;;;
COSWIN;HIS_HO_EMPL;TABLE;;0;0;201;
COSWIN;HIS_HS;TABLE;Stock requirements for the work order. This class will keep the items and quantities used for a specific work order.;0;30135;202;
COSWIN;HIS_HT;TABLE;Human Resources (skills) required by the work order.;0;305519;203;
COSWIN;H_CN_INVOICE;TABLE;;0;0;204;
COSWIN;H_COUNT;TABLE;;0;0;205;
COSWIN;H_COUNT_ITEM;TABLE;;0;0;206;
COSWIN;H_DEL_SCHED;TABLE;;0;0;207;
COSWIN;H_DEM_ISS;TABLE;;0;65;208;
COSWIN;H_DEM_LOC_INT;TABLE;;0;64;209;
COSWIN;H_DEVIS;TABLE;;0;389;210;
COSWIN;H_DIR_INV_PO;TABLE;;0;0;211;
COSWIN;H_DIR_RCT_PO;TABLE;;0;0;212;
COSWIN;H_DV_ITEMS;TABLE;;0;877;213;
COSWIN;H_INVOICE;TABLE;;0;0;214;
COSWIN;H_INV_ITEMS;TABLE;;0;0;215;
COSWIN;H_ISS_ITEMS;TABLE;;0;66;216;
COSWIN;H_ITEM;TABLE;;0;2975;217;
COSWIN;H_ITEM_RMK;TABLE;;0;418;218;
COSWIN;H_NEG_INV;TABLE;;0;0;219;
COSWIN;H_PORDER;TABLE;;0;0;220;
COSWIN;H_PO_ITEMS;TABLE;;0;0;221;
COSWIN;H_PREQUEST;TABLE;;0;194;222;
COSWIN;H_PR_ITEMS;TABLE;;0;386;223;
COSWIN;H_RCT_ITEMS;TABLE;;0;2762;224;
COSWIN;H_RCT_LOC_INT;TABLE;;0;1126;225;
COSWIN;H_RECEIPT;TABLE;;0;109;226;
COSWIN;H_RECONCILE_INV;TABLE;;0;0;227;
COSWIN;H_REMARK_HDR;TABLE;;0;5950;228;
COSWIN;H_SUPPL_AGREE;TABLE;;0;0;229;
COSWIN;H_SUPPL_AGREE_RMK;TABLE;;0;0;230;
COSWIN;H_SUP_AGREE_ITEM;TABLE;;0;0;231;
COSWIN;H_TRANSFER;TABLE;;0;2826;232;
COSWIN;H_TR_ITEMS;TABLE;;0;0;233;
COSWIN;INCIDENT_ACTION;TABLE;;0;0;234;
COSWIN;INCIDENT_CAUSE;TABLE;;0;0;235;
COSWIN;INCIDENT_EFFECT;TABLE;;0;0;236;
COSWIN;INDMATCH;TABLE;;0;1202;237;
COSWIN;IND_QUERY;TABLE;;0;0;238;
COSWIN;IND_VALUES;TABLE;;0;0;239;
COSWIN;INVOICE_;TABLE;;0;72995;240;
COSWIN;INVOICE_CHARGES_INTRF;TABLE;;0;930;241;
COSWIN;INVOICE_INTRF;TABLE;;0;213;242;
COSWIN;INVOICE_ITEM_INTRF;TABLE;;0;249;243;
COSWIN;INVOICE_ORDER_INTRF;TABLE;;0;186;244;
COSWIN;INVOICE_REMARKS_INTRF;TABLE;;0;118;245;
COSWIN;INV_CC_INT;TABLE;This class encapsulates data and behaviour of the invoice item to costcentre business object.;0;99195;246;
COSWIN;INV_ITEMS;TABLE;This class encapsulates data and behaviour of the invoice item business object.;0;98301;247;
COSWIN;INV_ITEM_OTHER;TABLE;Additional charges for a Purchase Invoice Item;0;491505;248;
COSWIN;INV_IT_CHARGES_INTRF;TABLE;;0;1245;249;
COSWIN;INV_IT_COST_CENTER_INTRF;TABLE;;0;249;250;
COSWIN;INV_OTHER;TABLE;Additional charges for a Purchase Invoice;0;364975;251;
COSWIN;INV_RCT;TABLE;Intersection table between receipt item locations and invoice items.;0;1;252;
COSWIN;INV_RMK;TABLE;;0;49733;253;
COSWIN;ISS_ITEMS;TABLE;This class encapsulates data and behaviour of the issue item business object.;0;138722;254;
COSWIN;ITEM_;TABLE;;0;22630;255;
COSWIN;ITEM_GROUP;TABLE;This class describes the behaviour of the item group business objects.;0;137;256;
COSWIN;ITEM_INFO;TABLE;;0;51595;257;
COSWIN;ITEM_PTD;TABLE;;0;257975;258;
COSWIN;ITEM_RMK;TABLE;;0;28640;259;
COSWIN;ITEM_SRL;TABLE;This class encapsulates data and behaviour of the item serial number business object.;0;4666;260;
COSWIN;I_CONSP_QTY;TABLE;;0;619140;261;
COSWIN;JOBR_RMK;TABLE;;0;394;262;
COSWIN;JOBS_FOR_ACT;TABLE;;0;0;263;
COSWIN;JOB_ACT;TABLE;;0;0;264;
COSWIN;JOB_ACTN;TABLE;The job_actn class encapsulates data and behaviour of equipmen Job action business object.;;;;
"JOB_ACTN""";0;29759;265;;;;
COSWIN;JOB_ACTV;TABLE;;0;629659;266;
COSWIN;JOB_CATG_INT;TABLE;This class is the intersection of the class DIR_CATG with the class JOB_DIR.;0;21280;267;
COSWIN;JOB_DIR;TABLE;Encapsulates data and behaviour of maintenance job business object.;0;21223;268;
COSWIN;JOB_DOS;TABLE;;0;0;269;
COSWIN;JOB_EMPL;TABLE;;0;16;270;
COSWIN;JOB_ID;TABLE;Holds prefixes and suffixes for job codes autogeneration.;0;0;271;
COSWIN;JOB_MANR;TABLE;The job_manr class encapsulates data and behaviour of manpower requirement business object.;;;;
;"A Resource can't be allocated both to an action and global.""";0;0;272;;;
COSWIN;JOB_REMARKS_INTRF;TABLE;;0;60;273;
COSWIN;JOB_REQUEST_INTRF;TABLE;;0;9377322;274;
COSWIN;JOB_RES;TABLE;;0;0;275;
COSWIN;JOB_SKILL;TABLE;;0;0;276;
COSWIN;JOB_STOCK;TABLE;;0;0;277;
COSWIN;JOB_STOKR;TABLE;The job_stokr class encapsulates data and behaviour of stock requirement business object.;;;;
;"A MainenanceItem can't be allocated both to an action and global.""";0;34323;278;;;
COSWIN;JR_DEL_PARAM;TABLE;;0;0;279;
COSWIN;KIT_;TABLE;Encapsulates Kit business objects data and behaviour.;0;0;280;
COSWIN;KIT_ITEMS;TABLE;Encapsulates Kit_Items business objects data and behaviour;0;0;281;
COSWIN;LATE;TABLE;;0;437464;282;
COSWIN;LB_COLUMN;TABLE;;0;12817;283;
COSWIN;LB_CONFIGURATION;TABLE;;0;732;284;
COSWIN;LB_FILTER;TABLE;;0;1034;285;
COSWIN;LEVELS;TABLE;;0;4;286;
COSWIN;LEVELS_USR;TABLE;;0;306;287;
COSWIN;LIM_UNIT;TABLE;;0;0;288;
COSWIN;LINKED_JOBS;TABLE;Encapsulates data and behaviour of linked job business object.;0;0;289;
COSWIN;LOCATION_;TABLE;This class describes the behaviour of the stock item location business object.;0;29900;290;
COSWIN;LOCATION_INTRF;TABLE;;0;400234;291;
COSWIN;MES_DIR;TABLE;Keeps the details of the measurement job bussiness object.;0;0;292;
COSWIN;MES_FBACK;TABLE; Contains the data for a point reading (the feedback for an equipment measurement point).;0;0;293;
COSWIN;MES_PT;TABLE;This class maintains data for a measurement point defined for an equipment.;0;0;294;
COSWIN;METER_FEEDBACK_INTRF;TABLE;;0;24;295;
COSWIN;MICROSOFTDTPROPERTIES;TABLE;;0;0;296;
COSWIN;MODULE_;TABLE;Holds COSWIN modules which have reports associated for groups or users.;0;2061;297;
COSWIN;MODULE_INTRF;TABLE;;0;42;298;
COSWIN;M_AR_MCOD;TABLE;;0;26;299;
COSWIN;M_AR_MMET;TABLE;;0;21749;300;
COSWIN;M_AR_MMPT;TABLE;;0;0;301;
COSWIN;M_DLY_ATTD_INTRF;TABLE;;0;0;302;
COSWIN;M_DUP_WO_INTRF;TABLE;;0;0;303;
COSWIN;M_EQUIPMENT_DEFECT_INTRF;TABLE;;0;0;304;
COSWIN;M_IFCE_GLOBAL_PARAM;TABLE;;0;111;305;
COSWIN;M_INCOMING_MSG;TABLE;;0;0;306;
COSWIN;M_JOB_REQUEST_INTRF;TABLE;;0;2254595;307;
COSWIN;M_JR_DEL_PARAM;TABLE;;0;1;308;
COSWIN;M_MEASUREMENT_INTRF;TABLE;;0;0;309;
COSWIN;M_METER_FEEDBACK_INTRF;TABLE;;0;0;310;
COSWIN;M_OUTGOING_MSG;TABLE;;0;0;311;
COSWIN;M_SDS_RESEND_INTRF;TABLE;;0;5541;312;
COSWIN;M_STABCARFOREACHTRAIN;TABLE;;0;43;313;
COSWIN;M_TMP_DLY_ATTD_INTRF;TABLE;;0;0;314;
COSWIN;M_TMP_STK_TR;TABLE;;0;0;315;
COSWIN;M_TRAINALARM;TABLE;;0;950;316;
COSWIN;M_TRAINMETER;TABLE;;0;3283578;317;
COSWIN;M_TRAINMETER_BITLEN;TABLE;;0;2;318;
COSWIN;M_TRAIN_REF_INTRF;TABLE;;0;8055740;319;
COSWIN;M_WASHHIST;TABLE;;0;27795;320;
COSWIN;M_WIP_WO_STAB_STD;TABLE;;0;0;321;
COSWIN;M_WO_FEEDBACK_INTRF;TABLE;;0;62488;322;
COSWIN;NEG_INV;TABLE;Encapsulates Credit Note (purchase transaction) data and beaviour.;0;1521;323;
COSWIN;NEG_INV_CC;TABLE;Intersection between Credit Notes and CostCentres;0;1524;324;
COSWIN;NORM_DAT;TABLE;Keeps the data regarding a norm reading.;0;0;325;
COSWIN;NOTIFICATION;TABLE;;0;1;326;
COSWIN;NOTIF_USR;TABLE;;0;1;327;
COSWIN;NSITEM;TABLE;Encapsulates Non Stock Item business objects data and behaviour;0;39616;328;
COSWIN;OBJECTDEPENDENCIES;TABLE;;0;0;329;
COSWIN;OBJECTSTATUS;TABLE;;0;0;330;
COSWIN;ORDER_CHARGES_INTRF;TABLE;;0;850;331;
COSWIN;ORDER_INTRF;TABLE;;0;655;332;
COSWIN;ORDER_ITEM_INTRF;TABLE;;0;349;333;
COSWIN;ORDER_REMARKS_INTRF;TABLE;;0;287;334;
COSWIN;ORD_IT_CHARGES_INTRF;TABLE;;0;840;335;
COSWIN;ORD_IT_COST_CENTER_INTRF;TABLE;;0;168;336;
COSWIN;ORD_IT_REQUEST_INTRF;TABLE;;0;238;337;
COSWIN;ORD_IT_SCHEDULE_INTRF;TABLE;;0;168;338;
COSWIN;PACKAGE;TABLE;;0;0;339;
COSWIN;PACKAGED_ITEM;TABLE;;0;0;340;
COSWIN;PACKAGED_PO;TABLE;;0;0;341;
COSWIN;PARAMETER;TABLE;Table for general and maintenance, static parameters.;0;5;342;
COSWIN;PARAMETERS;TABLE;;0;310;343;
COSWIN;PARAMETER_INTRF;TABLE;;0;1;344;
COSWIN;PARENT_EQP;TABLE;Holds the equipment which have PMP data defined.;0;0;345;
COSWIN;PARG2;TABLE;Table for general parameters, like calendar configuration.;0;1;346;
COSWIN;PARM13;TABLE;Table for maintenance parameters, like job request prefix and serial number.;0;1;347;
COSWIN;PARM15;TABLE;Table for planned maintenance parameters.;0;1;348;
COSWIN;PARM16;TABLE;Table for Work In Progress parameters.;0;1;349;
COSWIN;PARM17;TABLE;Table for unplanned jobs prefix and serial number.;0;1;350;
COSWIN;PARM18;TABLE;;0;0;351;
COSWIN;PARM19;TABLE;;0;0;352;
COSWIN;PARM23;TABLE;Table for contract configuration details.;0;0;353;
COSWIN;PARM_REC;TABLE;Table for depreciation parameters.;0;0;354;
COSWIN;PARP1;TABLE;Table for main purchase parameters.;0;0;355;
COSWIN;PARP2;TABLE;"Table for default ship to"" address.""";0;0;356;
COSWIN;PARP3;TABLE;"Table for default bill to"" address.""";0;0;357;
COSWIN;PARS1;TABLE;Table for main stock parameters, like prefixes and serial numbers.;0;0;358;
COSWIN;PARS2;TABLE;Table for accounting periods data and other stock parameters.;0;0;359;
COSWIN;PAY_MODE;TABLE;This class describes the functionality of the payment mode business class.;0;27;360;
COSWIN;PLAN_ID;TABLE;This class maintains the plans of jobs.;0;6780;361;
COSWIN;PLAN_ID_BK;TABLE;;0;1;362;
COSWIN;PLAN_JOBS;TABLE;This class maintains a job occurrence in a plan.;0;18875;363;
COSWIN;PLAN_JOBS_EMPL;TABLE;;0;0;364;
COSWIN;PLAN_SHIFT;TABLE;;0;126;365;
COSWIN;PLAN_TABLE;TABLE;;0;5;366;
COSWIN;PMP_JOBS;TABLE;The PMP jobs are used to generate an EqpJob. It must have at least one action, with consistent information and at least one resource allocated.;;;;
;An action can appear several times in the list; to be performed for different sub equipments. All actions are numbered by an unique sequence number; that indicates the order.;;;;
;By default; at the creation of the PMP job; the resources and stocks lists are copied from the PMP actions to the new created job. After changing the actions; it can be validated.;;;
;After the validation; the PmpJob can be used to generate a COSWIN job. The resources for the COSWIN job will be constructed after the resources of the PmpJob; and so the stocks.;;;;
;PmpJobs have versions; to keep a trace of their development. When a job is created; its version number is 1. A new version can be created from a validated PmpJob.;;;;
;An archived version can be restored from the history and in this case;;"the version will be restored in status 2 ( ""Consistent actions"" )";" so that can be modified.""";0;0;367
COSWIN;PMP_TEXT;TABLE;;0;0;368;
COSWIN;PORDER_;TABLE;This table manages purchase orders transactions.;0;53925;369;
COSWIN;PO_CC_INT;TABLE;This table describes the features and the behaviour of order item to costcentre business object.;0;82886;370;
COSWIN;PO_ITEMS;TABLE;This class encapsulates data and behaviour of the order item business object (intersection between order and item);0;81993;371;
COSWIN;PO_ITEM_OTHER;TABLE;;0;409965;372;
COSWIN;PO_OTHER;TABLE;Additional charges for a Purchase Order Item;0;269625;373;
COSWIN;PO_RMK;TABLE;;0;196720;374;
COSWIN;PREQUEST;TABLE;This class encapsulates the data and the behaviour of purchase request business object;0;61117;375;
COSWIN;PREQ_CC_INT;TABLE;This class encapsulates the data and the behaviour of request item to costcentre business objects.;0;96479;376;
COSWIN;PRIORITY;TABLE;;0;2;377;
COSWIN;PROCESS_INTRF;TABLE;;0;36;378;
COSWIN;PR_ITEMS;TABLE;This class encapsulates the data and the behaviour of request item to costcentre business objects.;0;95668;379;
COSWIN;PR_PO_INT;TABLE;This class describes the features and the behaviour of order item to request item business object.;0;84769;380;
COSWIN;PR_PQ_INT;TABLE;This class encapsulates the data and the behaviour of quotation item to costcentre business objects.;0;303546;381;
COSWIN;PR_RMK;TABLE;;0;41031;382;
COSWIN;RCT_CC_INT;TABLE;An intersection class (many to many relationship) between CostCentre and ReceiptItem business objects;0;120171;383;
COSWIN;RCT_ITEMS;TABLE;An intersection class (many to many relationship) between Item_/NSItem and Receipt_ business objects;0;119414;384;
COSWIN;RCT_IT_COST_CENTER_INTRF;TABLE;;0;54103;385;
COSWIN;RCT_LOC_INT;TABLE;An intersection class ( many to many relationship ) between Location and ReceiptItem business objects;0;59624;386;
COSWIN;RCT_RMK;TABLE;;0;50836;387;
COSWIN;RC_ABINFO;TABLE;;0;3088674;388;
COSWIN;RC_CLD_VAL;TABLE;Holds employee calendar information by day.;0;0;389;
COSWIN;RECEIPT_;TABLE;;0;84883;390;
COSWIN;RECEIPT_INTRF;TABLE;;0;93926;391;
COSWIN;RECEIPT_ITEM_INTRF;TABLE;;0;126467;392;
COSWIN;RECEIPT_ORDER_INTRF;TABLE;;0;37008;393;
COSWIN;RECEIPT_REMARKS_INTRF;TABLE;;0;1704;394;
COSWIN;RECOM_ACTION;TABLE;;0;0;395;
COSWIN;RECONCILE_INV;TABLE;Header for a Purchase Invoice Reconciliation transaction.;0;1;396;
COSWIN;REPORT;TABLE;Holds the reports associated to COSWIN modules, for groups and users.;0;4897;397;
COSWIN;REP_COUNT_ITEM;TABLE;;0;258731;398;
COSWIN;REQUEST_BY;TABLE;;0;2067;399;
COSWIN;REQUEST_INTRF;TABLE;;0;649;400;
COSWIN;REQUEST_ITEM_INTRF;TABLE;;0;1068;401;
COSWIN;REQUEST_REMARKS_INTRF;TABLE;;0;85;402;
COSWIN;REQ_IT_COST_CENTER_INTRF;TABLE;;0;317;403;
COSWIN;RES_ATTENDANCE;TABLE;;0;45;404;
COSWIN;RES_CLDR;TABLE;The res_cldr class encapsulates data and behaviour of employee calendar business object.;0;8439;405;
COSWIN;RES_EMPL;TABLE;Encapsulates employee business object data and behaviour.;0;2813;406;
COSWIN;RES_HOUR;TABLE;Encapsulates data and behaviour of resource usage business object.;0;5175;407;
COSWIN;RES_SKILL;TABLE;;0;0;408;
COSWIN;RES_SUPV;TABLE;This class encapsulates the data and the behaviour of supervisor business objects.;0;210;409;
COSWIN;RES_TRADE;TABLE;The Resource class encapsulates data and behaviour of human resource business object.;0;345;410;
COSWIN;RES_UNASSIGN;TABLE;;0;0;411;
COSWIN;RES_VALUE;TABLE;;0;0;412;
COSWIN;RE_RATE;TABLE;The rates for the employee. First rate is the fixed rate(Indx==0). The next rates have a user defined significance. There are at most ten rates. The rates heading are taken from parameters.;0;28130;413;
COSWIN;RH_HRS;TABLE;This class keeps information about day by day resource allocation;0;1894050;414;
COSWIN;ROSTER;TABLE;;0;0;415;
COSWIN;RT_RATE;TABLE;The rates for the resource. First rate is the fixed rate (Indx==0). The next rates have a user defined significance. There are at most ten rates. The rates heading are taken from parameters.;0;3450;416;
COSWIN;SDS_ALARM_INTRF;TABLE;;0;31;417;
COSWIN;SDS_INWARDS_INTRF;TABLE;;0;0;418;
COSWIN;SDS_ITEM_INTRF;TABLE;;0;0;419;
COSWIN;SDS_PICKING_INTRF;TABLE;;0;0;420;
COSWIN;SDS_STKCOUNT_INTRF;TABLE;;0;0;421;
COSWIN;SDS_STOCKADJ_INTRF;TABLE;;0;0;422;
COSWIN;SDS_UOM_INTRF;TABLE;;0;0;423;
COSWIN;SERVICE;TABLE;;0;0;424;
COSWIN;SESSION_INTRF;TABLE;;0;1499411;425;
COSWIN;SHIFT;TABLE;;0;6;426;
COSWIN;SHIFT_PATTERN;TABLE;;0;5;427;
COSWIN;SHIFT_RESOURCE;TABLE;;0;84;428;
COSWIN;SKILL;TABLE;;0;30;429;
COSWIN;STEP;TABLE;;0;142;430;
COSWIN;STK_ADJ;TABLE;This class encapsulates data and behaviour of an adjustment.;0;31434;431;
COSWIN;STORES;TABLE;This class describes the data and behaviour of the store business object.;0;55;432;
COSWIN;STORES_ITEMS;TABLE;;0;28965;433;
COSWIN;STORE_PTD;TABLE;Is the object that holds store period to date values.;0;275;434;
COSWIN;SUPL_ITEMS;TABLE;Intersection class between the item and the supplier.;0;109366;435;
COSWIN;SUPL_RMK;TABLE;;0;10652;436;
COSWIN;SUPPLIER_;TABLE;This class stores the information and behaviour of supplier business object. It has two contact points (commercial and technical).;0;4899;437;
COSWIN;SUPPL_AGREE;TABLE;;0;98;438;
COSWIN;SUPPL_AGREE_ITEM;TABLE;;0;388;439;
COSWIN;SUPPL_AGREE_RMK;TABLE;;0;18413;440;
COSWIN;SUP_PERF;TABLE;;0;18315;441;
COSWIN;SYSTEM_;TABLE;Owner table for the plant calendar years;0;1;442;
COSWIN;S_DISC_PRI;TABLE;The discount unit prices for a supplier item.;0;437464;443;
COSWIN;S_DISC_RATEP;TABLE;The percentages of discount for a supplier item.;0;437464;444;
COSWIN;S_EARL;TABLE;This class stores information about how many times the supplier delivered early in a given interval of time.;;;;
;"There are values defined in parameters that specify the intervals.""";0;9798;445;;;
COSWIN;S_LATE;TABLE;This class stores information about how many times the supplier delivered late in a given interval of time.;;;;
;"There are values defined in parameters that specify the intervals.""";0;19596;446;;;
COSWIN;S_ORD_QTY_VAL;TABLE;;0;437464;447;
COSWIN;S_PAY;TABLE;;0;14697;448;
COSWIN;TEMP_CMMT;TABLE;;0;0;449;
COSWIN;TEMP_SETS_LIST;TABLE;;0;263;450;
COSWIN;TEMP_STATS;TABLE;;0;1209;451;
COSWIN;TEMP_TAR_DET;TABLE;;0;291;452;
COSWIN;TH_LINE;TABLE;This class keeps the names of the attributes of a specification class. Continuity of Indx is not compulsory.;0;147;453;
COSWIN;TMP_CHG_FIELDS;TABLE;;0;0;454;
COSWIN;TN_LINE;TABLE; Maintains the attribute values for an equipment Specification. It's not compulsory to have values for all the attributes of a SpecificationClass defined for the equipment.;0;150108;455;
COSWIN;TRACE;TABLE;;0;0;456;
COSWIN;TRACE_ODC;TABLE;;0;0;457;
COSWIN;TRANSFER_;TABLE;This class encapsulates the data and the behaviour of transfer business objects.;0;48443;458;
COSWIN;TRANSPORTER;TABLE;;0;0;459;
COSWIN;TRANSP_STEP;TABLE;;0;0;460;
COSWIN;TRANS_FOLLOW_UP;TABLE;;0;142;461;
COSWIN;TR_ITEMS;TABLE;;0;48445;462;
COSWIN;T_ACCESS_REQUEST_T;TABLE;;0;0;463;
COSWIN;T_AMS_PARAM_T;TABLE;;0;9;464;
COSWIN;T_AMS_PERMIT_T;TABLE;;0;1;465;
COSWIN;T_AUDIT_T_LCC_CF_T;TABLE;;0;2;466;
COSWIN;T_AUDIT_T_LCC_MEAN_T;TABLE;;0;3679;467;
COSWIN;T_AUDIT_T_LCC_MTHLY_T;TABLE;;0;3621;468;
COSWIN;T_AUDIT_T_LCC_T;TABLE;;0;3218;469;
COSWIN;T_CONF_ELEC_CONF;TABLE;;0;0;470;
COSWIN;T_CONF_POSS_CONF;TABLE;;0;0;471;
COSWIN;T_ELEC_CONFLICT;TABLE;;0;0;472;
COSWIN;T_FAC_PARAM_T;TABLE;;0;59;473;
COSWIN;T_KERN_EMPL;TABLE;;0;0;474;
COSWIN;T_KERN_FAC;TABLE;;0;22;475;
COSWIN;T_LCC_CF_T;TABLE;;0;46;476;
COSWIN;T_LCC_MEAN_T;TABLE;;0;84;477;
COSWIN;T_LCC_MTHLY_T;TABLE;;0;319;478;
COSWIN;T_LCC_T;TABLE;;0;1287;479;
COSWIN;T_ODC_RESET_FLAG_T;TABLE;;0;0;480;
COSWIN;T_ODC_STAB_T;TABLE;;0;0;481;
COSWIN;T_POSS_CONFLICT;TABLE;;0;49;482;
COSWIN;T_STABLING_T;TABLE;;0;0;483;
COSWIN;T_STAB_PARAM_T;TABLE;;0;6;484;
COSWIN;T_STAB_PRIOR_T;TABLE;;0;2;485;
COSWIN;T_TAR_CMMT;TABLE;;0;41205;486;
COSWIN;T_TAR_LATE;TABLE;;0;14798;487;
COSWIN;T_TAS_ATAR;TABLE;;0;45435;488;
COSWIN;T_TAS_ATOA;TABLE;;0;25347;489;
COSWIN;T_TAS_CUT_OFF_DT;TABLE;;0;1200;490;
COSWIN;T_TAS_E_SECT;TABLE;;0;87;491;
COSWIN;T_TAS_IND_RES;TABLE;;0;0;492;
COSWIN;T_TAS_NEMP;TABLE;;0;14;493;
COSWIN;T_TAS_PM_PIC;TABLE;;0;704;494;
COSWIN;T_TAS_PM_PIC_HIS;TABLE;;0;0;495;
COSWIN;T_TAS_ST_MGR;TABLE;;0;18;496;
COSWIN;T_TAS_TAR_EMP;TABLE;;0;0;497;
COSWIN;T_TAS_TAR_E_SECT;TABLE;;0;75966;498;
COSWIN;T_TAS_TAR_FAC;TABLE;;0;0;499;
COSWIN;T_TAS_TAR_IND_RES;TABLE;;0;0;500;
COSWIN;T_TAS_TAR_NEMP;TABLE;;0;0;501;
COSWIN;T_TAS_TAR_T_SECT;TABLE;;0;522200;502;
COSWIN;T_TAS_TRACE;TABLE;;0;407491;503;
COSWIN;T_TAS_T_SECT;TABLE;;0;310;504;
COSWIN;T_TOA_CMMT;TABLE;;0;25347;505;
COSWIN;T_TRAIN_EQCD_T;TABLE;;0;0;506;
COSWIN;T_WASHCODE_T;TABLE;;0;0;507;
COSWIN;T_WC_JBTY_T;TABLE;;0;4;508;
COSWIN;T_WC_PARAM_T;TABLE;;0;2;509;
COSWIN;T_WO_STATUS_T;TABLE;;0;5;510;
COSWIN;UNITS;TABLE;Encapsulates unit business objects data and behaviour.;0;156;511;
COSWIN;UNITS_CONV;TABLE;Encapsulates unit conversion business objects data and behaviour.;0;272;512;
COSWIN;USERS_WMDB;TABLE;Holds the Resource Editor schema associated to a user.;0;20;513;
COSWIN;USR_RIGHTS;TABLE;Keep the rights for modules functionalities for each user.;0;432600;514;
COSWIN;VALIDED_BY;TABLE;;0;141;515;
COSWIN;VAL_CIRCUIT;TABLE;;0;1;516;
COSWIN;VAL_COMMENTS;TABLE;;0;0;517;
COSWIN;VAL_CONDITION;TABLE;;0;3;518;
COSWIN;VAL_STEP;TABLE;;0;1;519;
COSWIN;WIN_USERS;TABLE;Holds the COSWIN users and their owning groups.;0;2163;520;
COSWIN;WIP_AE;TABLE;Used to store worked hours for actions.;0;257;521;
COSWIN;WIP_WA;TABLE;Encapsulates data and behaviour of WorkOrder action feedback business object.;0;439868;522;
COSWIN;WIP_WE;TABLE;Encapsulates employee time feedback business object data and behaviour.;0;991111;523;
COSWIN;WIP_WN;TABLE;;0;378154;524;
COSWIN;WIP_WO;TABLE;The wip_wo class encapsulates data and behaviour of work order business object.;0;434312;525;
COSWIN;WIP_WO_EMPL;TABLE;;0;14;526;
COSWIN;WIP_WO_SHIFT;TABLE;;0;1146;527;
COSWIN;WIP_WS;TABLE;This class encapsulates the data and the behaviour of stock usage for work order business object.;0;110439;528;
COSWIN;WIP_WT;TABLE;This class encapsulates the data and the behaviour of resource usage for work order business object.;0;558988;529;
COSWIN;WK_COLUMNS;TABLE;;0;214;530;
COSWIN;WORKORDER_INTRF;TABLE;;0;0;531;
COSWIN;WO_EMPL_ASSIGN;TABLE;;0;0;532;
COSWIN;WO_METERFDBK;TABLE;;0;6750;533;
COSWIN;WP_WORK_PERMIT;TABLE;;0;1767;534;
COSWIN;WP_WORK_PERMIT_EMPL;TABLE;;0;253;535;
COSWIN;WP_WORK_PERMIT_INFO;TABLE;;0;0;536;
COSWIN;WP_WORK_PERMIT_TYPE;TABLE;;0;2;537;
